group,approved,defaulted,loan_size,processing_days
A,1,0,26943.92,7.47
A,0,0,0.0,1.77
A,0,0,0.0,1.88
A,1,0,57339.03,8.11
A,1,0,47515.68,3.28
A,1,1,44985.39,3.66
A,1,0,31571.29,3.05
A,0,0,0.0,1.95
A,1,0,46987.98,3.48
A,0,0,0.0,1.73
A,1,1,108233.73,5.02
A,0,0,0.0,1.3
A,0,0,0.0,1.46
A,1,0,26750.47,9.55
A,1,0,34666.46,6.64
A,1,0,32216.98,5.55
A,1,1,63475.98,9.11
A,1,0,39863.17,5.76
A,1,0,25189.54,5.35
A,1,0,93453.6,4.45
A,1,0,37221.96,5.64
A,1,0,53338.83,5.22
A,1,0,26792.75,7.74
A,1,0,43545.33,5.03
A,1,0,42427.63,7.04
A,0,0,0.0,1.37
A,1,0,99472.6,4.34
A,1,0,69239.18,5.85
A,1,1,29774.34,9.56
A,1,0,20928.46,5.64
A,1,0,43207.99,7.65
A,1,0,37924.36,4.79
A,1,0,43383.5,3.89
A,0,0,0.0,1.54
A,0,0,0.0,1.66
A,0,0,0.0,1.12
A,1,0,48245.2,4.22
A,1,0,21486.33,8.33
A,0,0,0.0,1.94
A,1,0,82479.68,6.9
A,1,0,175611.31,5.66
A,1,0,20707.54,6.55
A,1,0,41004.66,6.94
A,0,0,0.0,1.2
A,1,1,47885.81,5.07
A,0,0,0.0,1.24
A,1,1,95008.62,9.1
A,1,0,24653.95,4.35
A,1,0,15605.96,3.68
A,1,1,28691.84,9.28
A,0,0,0.0,1.69
A,0,0,0.0,1.39
A,0,0,0.0,1.37
A,0,0,0.0,1.46
A,1,1,12849.94,7.13
A,0,0,0.0,1.63
A,1,0,82593.73,4.42
A,1,0,43491.64,6.16
A,1,1,23582.34,8.58
A,1,0,35753.31,7.13
A,1,0,36644.13,3.68
A,1,0,45996.25,6.84
A,0,0,0.0,1.78
A,1,1,48838.96,8.55
A,1,0,9393.79,7.4
A,1,0,26504.18,4.07
A,1,0,28448.85,7.97
A,0,0,0.0,1.78
A,1,0,36728.76,3.17
A,0,0,0.0,1.53
A,0,0,0.0,1.45
A,1,0,40108.36,7.69
A,1,0,34907.83,4.51
A,0,0,0.0,1.87
A,0,0,0.0,1.45
A,0,0,0.0,1.02
A,0,0,0.0,1.43
A,1,0,34750.68,9.85
A,1,0,107470.14,3.07
A,1,0,17821.46,7.36
A,0,0,0.0,1.15
A,0,0,0.0,1.65
A,1,0,25865.84,4.76
A,1,0,30973.31,9.87
A,1,0,24573.45,7.3
A,1,0,31891.66,8.55
A,0,0,0.0,1.05
A,0,0,0.0,1.41
A,0,0,0.0,1.71
A,1,0,17888.02,3.15
A,1,0,20423.13,8.72
A,0,0,0.0,1.63
A,0,0,0.0,1.59
A,1,0,58591.89,5.56
A,0,0,0.0,1.48
A,1,0,32508.06,7.87
A,1,0,35912.83,5.4
A,1,0,25733.71,3.76
A,1,0,40230.45,3.49
A,1,0,53259.91,7.12
A,1,0,16188.5,6.64
A,0,0,0.0,1.01
A,1,0,57885.22,6.57
A,1,0,29508.98,5.96
A,0,0,0.0,1.79
A,1,0,148349.64,3.19
A,1,1,34469.45,5.35
A,0,0,0.0,1.5
A,1,0,25108.74,9.11
A,1,1,39760.35,5.31
A,1,0,45712.9,7.11
A,1,1,40031.47,8.93
A,0,0,0.0,1.22
A,0,0,0.0,1.01
A,0,0,0.0,1.72
A,0,0,0.0,1.34
A,0,0,0.0,1.79
A,1,0,32257.12,7.85
A,0,0,0.0,1.82
A,1,0,41757.48,4.33
A,0,0,0.0,1.17
A,0,0,0.0,1.34
A,1,0,22118.1,7.32
A,1,0,26464.51,7.51
A,1,0,39921.25,3.2
A,1,0,42134.5,8.8
A,0,0,0.0,1.35
A,0,0,0.0,1.84
A,1,0,48339.44,7.96
A,1,0,25530.67,4.5
A,1,0,16834.87,3.28
A,1,0,33777.42,4.41
A,1,1,29057.39,4.25
A,1,0,38429.1,5.36
A,0,0,0.0,1.78
A,1,0,13310.01,6.56
A,1,0,29906.36,6.34
A,0,0,0.0,1.76
A,1,0,49852.83,3.2
A,0,0,0.0,1.83
A,0,0,0.0,1.71
A,1,1,13963.19,5.09
A,1,0,69953.34,9.07
A,1,0,32462.49,8.23
A,1,1,55814.69,9.0
A,1,0,37793.81,6.46
A,1,0,64201.24,3.92
A,1,0,29921.09,7.87
A,1,0,20966.68,4.44
A,1,0,73884.04,6.09
A,0,0,0.0,1.7
A,1,0,40569.8,8.78
A,1,0,67330.99,3.88
A,1,1,21677.33,9.32
A,0,0,0.0,1.85
A,1,0,27039.46,6.25
A,0,0,0.0,1.23
A,0,0,0.0,1.12
A,1,0,17152.33,8.62
A,0,0,0.0,1.26
A,1,0,71363.12,8.5
A,0,0,0.0,1.97
A,0,0,0.0,1.57
A,1,0,41009.61,6.4
A,1,0,31347.15,6.24
A,0,0,0.0,1.48
A,1,0,32853.83,8.75
A,1,0,40778.94,6.88
A,1,0,64409.41,4.26
A,1,0,24620.0,6.27
A,0,0,0.0,1.13
A,1,0,16894.94,8.27
A,1,0,82028.42,8.68
A,1,0,30141.62,3.23
A,0,0,0.0,1.94
A,1,0,14115.02,7.53
A,0,0,0.0,1.5
A,1,1,21592.4,3.34
A,0,0,0.0,1.63
A,1,0,33905.91,6.84
A,1,0,58623.79,4.38
A,1,0,40287.71,5.22
A,0,0,0.0,1.71
A,0,0,0.0,1.13
A,1,0,23379.69,3.36
A,0,0,0.0,1.61
A,0,0,0.0,1.95
A,1,0,83125.28,3.93
A,1,0,32159.7,4.63
A,1,0,36357.07,6.17
A,1,0,62018.16,6.62
A,0,0,0.0,1.97
A,0,0,0.0,1.04
A,0,0,0.0,1.75
A,1,0,35314.18,7.33
A,1,0,43001.0,3.79
A,0,0,0.0,1.07
A,0,0,0.0,1.62
A,0,0,0.0,1.59
A,0,0,0.0,1.28
A,0,0,0.0,1.91
A,1,0,42439.14,5.72
A,1,0,16992.79,4.2
A,0,0,0.0,1.54
A,1,0,44098.8,7.03
A,1,0,34633.89,5.96
A,1,0,28074.27,6.6
A,0,0,0.0,1.08
A,1,1,35235.1,7.64
A,1,0,63824.35,8.97
A,1,0,37913.23,4.81
A,0,0,0.0,1.69
A,0,0,0.0,1.06
A,1,0,32579.37,5.33
A,0,0,0.0,1.82
A,1,0,28603.79,3.63
A,1,0,26241.22,7.24
A,0,0,0.0,1.09
A,0,0,0.0,1.83
A,0,0,0.0,1.36
A,0,0,0.0,1.61
A,1,0,14498.78,7.93
A,1,0,29249.36,7.13
A,1,0,54009.18,6.15
A,1,0,31298.08,9.01
A,1,0,32106.32,9.7
A,0,0,0.0,1.51
A,1,0,25438.36,9.52
A,0,0,0.0,1.79
A,0,0,0.0,1.66
A,0,0,0.0,1.61
A,1,0,22401.36,4.47
A,1,1,33266.65,3.03
A,1,0,46432.4,4.69
A,1,0,36147.23,6.57
A,0,0,0.0,1.23
A,1,0,89922.53,6.14
A,1,0,30594.04,9.86
A,0,0,0.0,1.2
A,1,1,28152.55,6.17
A,0,0,0.0,1.86
A,0,0,0.0,1.08
A,0,0,0.0,1.11
A,1,0,43466.16,6.99
A,1,0,117540.46,8.32
A,0,0,0.0,1.27
A,1,0,29486.49,7.0
A,0,0,0.0,1.59
A,0,0,0.0,1.32
A,0,0,0.0,1.03
A,1,0,69012.84,3.91
A,1,0,10794.63,5.16
A,0,0,0.0,1.83
A,1,0,28340.89,9.9
A,1,0,62859.04,5.16
A,1,0,16600.3,3.91
A,0,0,0.0,1.86
A,0,0,0.0,1.37
A,1,0,41020.56,3.45
A,1,1,21055.05,9.04
A,1,0,22186.3,9.73
A,0,0,0.0,1.19
A,1,0,38379.07,6.15
A,1,0,26551.52,3.15
A,0,0,0.0,1.03
A,0,0,0.0,1.02
A,0,0,0.0,1.62
A,0,0,0.0,1.66
A,1,0,31946.88,7.58
A,1,0,27749.58,5.91
A,0,0,0.0,1.34
A,0,0,0.0,1.68
A,0,0,0.0,1.06
A,0,0,0.0,1.93
A,1,0,91887.82,3.82
A,1,0,28541.57,8.5
A,0,0,0.0,1.17
A,0,0,0.0,1.77
A,0,0,0.0,1.22
A,0,0,0.0,1.08
A,0,0,0.0,1.87
A,1,0,65464.05,3.99
A,1,0,18275.17,7.5
A,1,0,47096.36,5.67
A,1,0,92448.68,9.7
A,1,0,44795.04,5.31
A,1,0,41701.43,9.74
A,1,0,36471.19,9.31
A,1,0,16556.92,4.89
A,1,0,71523.87,8.62
A,1,0,26757.53,9.97
A,1,0,46734.67,4.77
A,0,0,0.0,1.15
A,1,0,20136.11,6.64
A,1,0,74424.74,5.06
A,1,0,30526.45,3.11
A,0,0,0.0,1.39
A,1,0,34922.43,4.97
A,0,0,0.0,1.25
A,1,0,56728.6,4.2
A,1,0,27039.49,9.11
A,1,0,51500.38,7.93
A,1,0,36776.17,3.6
A,0,0,0.0,1.74
A,0,0,0.0,1.46
A,0,0,0.0,1.57
A,1,0,46466.79,3.02
A,1,0,35285.98,4.74
A,0,0,0.0,1.88
A,1,0,40349.5,9.52
A,1,0,40326.62,8.04
A,1,0,21040.14,8.36
A,1,0,40819.86,3.64
A,0,0,0.0,1.04
A,0,0,0.0,1.87
A,0,0,0.0,1.68
A,1,0,34687.93,8.67
A,1,1,23297.82,3.95
A,1,1,59803.29,6.28
A,1,0,31464.11,9.57
A,1,0,53090.72,4.3
A,0,0,0.0,1.36
A,0,0,0.0,1.93
A,1,0,46480.13,6.89
A,0,0,0.0,1.26
A,0,0,0.0,1.56
A,1,0,20730.85,5.97
A,1,1,57797.74,5.17
A,1,0,33993.74,4.96
A,1,1,27948.93,9.81
A,1,0,18411.17,4.07
A,0,0,0.0,1.95
A,1,0,13214.91,3.0
A,1,0,34522.26,7.17
A,1,0,26924.21,9.41
A,1,0,22397.53,5.02
A,0,0,0.0,1.51
A,0,0,0.0,1.68
A,1,0,103424.69,7.99
A,1,0,17052.61,7.82
A,1,0,64840.81,5.24
A,1,0,59074.27,4.77
A,1,0,24598.82,9.69
A,1,0,40199.83,9.46
A,1,0,28888.05,6.2
A,1,0,39848.67,8.92
A,0,0,0.0,1.7
A,1,0,49158.4,5.97
A,1,0,46831.17,4.1
A,0,0,0.0,1.48
A,1,0,17291.52,6.76
A,0,0,0.0,1.57
A,0,0,0.0,1.15
A,1,0,16922.78,8.47
A,1,1,21428.03,7.76
A,0,0,0.0,1.02
A,1,0,22196.12,9.37
A,1,1,24434.18,3.13
A,0,0,0.0,1.42
A,1,0,18346.45,8.51
A,1,0,22313.32,6.79
A,0,0,0.0,1.95
A,1,0,18888.62,3.95
A,1,0,16334.98,9.21
A,0,0,0.0,1.92
A,1,0,52364.16,9.15
A,0,0,0.0,1.57
A,0,0,0.0,1.7
A,1,0,37129.96,8.63
A,1,0,15171.08,7.61
A,1,0,46506.75,5.79
A,1,0,43990.0,6.6
A,1,0,29594.56,8.62
A,0,0,0.0,1.39
A,1,0,20666.14,5.72
A,1,0,63828.46,3.67
A,0,0,0.0,1.02
A,1,0,30690.97,3.64
A,0,0,0.0,1.65
A,1,0,34419.12,5.89
A,1,0,66845.65,5.84
A,0,0,0.0,1.35
A,0,0,0.0,1.6
A,0,0,0.0,1.94
A,0,0,0.0,1.17
A,0,0,0.0,1.72
A,1,0,84941.49,4.19
A,1,0,29705.95,9.28
A,0,0,0.0,1.86
A,0,0,0.0,1.81
A,0,0,0.0,1.03
A,1,0,40123.28,6.79
A,1,0,46005.63,9.43
A,0,0,0.0,1.33
A,1,0,15826.77,6.14
A,0,0,0.0,1.53
A,0,0,0.0,1.27
A,1,0,30987.05,5.71
A,0,0,0.0,1.37
A,0,0,0.0,1.05
A,1,0,96198.72,9.03
A,0,0,0.0,1.53
A,1,1,26187.85,7.74
A,0,0,0.0,1.27
A,1,0,35465.46,5.41
A,0,0,0.0,1.82
A,1,0,22692.74,4.89
A,1,0,27436.23,8.38
A,0,0,0.0,1.38
A,1,0,37188.2,4.55
A,1,0,32063.19,6.24
A,0,0,0.0,1.39
A,0,0,0.0,1.9
A,1,0,51944.77,8.34
A,0,0,0.0,1.45
A,1,0,30883.15,7.7
A,1,0,48811.49,8.93
A,1,0,51027.0,3.07
A,0,0,0.0,1.04
A,0,0,0.0,1.33
A,0,0,0.0,1.47
A,0,0,0.0,1.31
A,1,0,26948.57,6.71
A,1,0,103670.17,5.43
A,1,0,27922.4,6.64
A,1,0,36908.73,7.59
A,1,0,25945.6,5.93
A,0,0,0.0,1.87
A,1,0,15197.54,9.03
A,1,0,27638.89,4.08
A,1,0,21034.92,6.16
A,0,0,0.0,1.1
A,1,1,59708.14,7.81
A,1,0,50161.5,4.75
A,1,0,11094.12,7.48
A,0,0,0.0,1.66
A,1,0,42093.14,5.93
A,0,0,0.0,1.21
A,0,0,0.0,1.03
A,1,1,39659.86,3.74
A,1,0,26018.83,4.63
A,0,0,0.0,1.88
A,1,0,26802.86,9.71
A,1,0,29667.84,3.68
A,0,0,0.0,1.75
A,0,0,0.0,1.44
A,0,0,0.0,1.75
A,0,0,0.0,1.2
A,1,0,46978.33,6.52
A,1,0,54718.8,8.94
A,0,0,0.0,1.02
A,1,0,27823.53,7.23
A,1,0,55261.51,4.94
A,0,0,0.0,1.4
A,1,0,23148.01,4.98
A,1,0,22424.29,7.81
A,1,0,62319.4,7.72
A,1,0,58185.66,4.55
A,1,0,46334.99,3.24
A,1,0,62066.7,5.86
A,1,0,23396.9,5.02
A,0,0,0.0,1.16
A,0,0,0.0,1.31
A,1,0,55461.32,6.2
A,0,0,0.0,1.69
A,1,0,29957.31,7.23
A,1,0,47593.63,8.79
A,0,0,0.0,1.94
A,1,0,25999.37,4.93
A,0,0,0.0,1.77
A,1,0,21392.16,6.75
A,0,0,0.0,1.67
A,1,0,40144.06,6.08
A,0,0,0.0,1.35
A,1,0,41399.89,8.03
A,0,0,0.0,1.85
A,1,0,30472.36,4.38
A,1,1,11977.99,5.89
A,0,0,0.0,1.37
A,1,0,21098.83,7.09
A,0,0,0.0,1.83
A,0,0,0.0,1.31
A,1,0,23148.95,6.76
A,0,0,0.0,1.18
A,1,0,43268.71,4.09
A,0,0,0.0,1.67
A,1,1,38224.9,6.04
A,1,0,28526.43,5.88
A,0,0,0.0,1.83
A,0,0,0.0,1.76
A,1,0,40673.91,6.88
A,0,0,0.0,1.53
A,1,0,27541.66,7.95
A,1,0,51427.68,4.24
A,1,0,65298.29,4.77
A,1,0,31689.09,8.68
A,1,0,30628.94,9.63
A,1,0,46633.36,3.95
A,0,0,0.0,1.94
A,0,0,0.0,1.69
A,0,0,0.0,1.94
A,1,0,51027.25,5.28
A,1,0,13788.96,4.01
A,0,0,0.0,1.98
A,0,0,0.0,1.64
A,1,0,38175.28,4.01
A,0,0,0.0,1.72
A,0,0,0.0,1.91
A,0,0,0.0,1.8
A,0,0,0.0,1.58
A,1,0,64526.81,5.36
A,1,0,42120.44,7.1
A,0,0,0.0,1.09
A,0,0,0.0,1.67
A,1,0,20362.33,4.56
A,1,0,18646.91,4.32
A,1,0,16718.04,6.0
A,0,0,0.0,1.15
A,0,0,0.0,1.21
A,1,0,91553.71,3.08
A,1,0,55356.68,6.63
A,1,0,64953.01,7.24
A,0,0,0.0,1.84
A,0,0,0.0,1.33
A,0,0,0.0,1.49
A,1,0,44749.72,7.01
A,1,0,38319.81,9.5
A,1,0,44076.66,8.8
A,1,0,42684.57,5.26
A,0,0,0.0,1.76
A,0,0,0.0,1.9
A,0,0,0.0,1.92
A,0,0,0.0,1.78
A,1,1,46959.05,6.52
A,0,0,0.0,1.02
A,0,0,0.0,1.38
A,0,0,0.0,1.14
A,1,0,61509.43,5.03
A,1,1,19985.03,7.65
A,1,0,41894.16,5.99
A,0,0,0.0,1.84
A,1,0,47891.56,8.92
A,1,0,35704.69,6.68
A,0,0,0.0,1.67
A,1,0,44817.31,9.18
A,1,0,27201.83,6.47
A,1,0,56419.68,5.19
A,0,0,0.0,1.4
A,1,0,44254.42,4.54
A,0,0,0.0,1.92
A,1,0,27047.07,9.06
A,0,0,0.0,1.42
A,1,0,55734.31,5.83
A,1,0,84009.78,4.5
A,0,0,0.0,1.27
A,1,0,62219.52,4.99
A,1,0,12273.05,4.23
A,1,1,19988.36,8.2
A,0,0,0.0,1.11
A,0,0,0.0,1.63
A,0,0,0.0,1.19
A,1,1,44645.08,9.87
A,1,0,32629.31,5.74
A,1,0,43901.45,3.56
A,1,0,51289.24,3.63
A,1,0,41473.44,7.14
A,1,1,50457.24,7.2
A,1,0,35074.65,5.93
A,0,0,0.0,1.17
A,1,0,61630.19,3.38
A,1,0,27050.04,6.62
A,0,0,0.0,1.77
A,1,0,33224.44,4.05
A,0,0,0.0,1.35
A,0,0,0.0,1.36
A,0,0,0.0,1.85
A,1,0,43224.85,7.27
A,0,0,0.0,1.72
A,1,0,28456.94,4.76
A,1,0,62141.32,4.22
A,1,0,46546.17,9.7
A,0,0,0.0,1.95
A,1,0,65516.94,4.61
A,1,0,64353.5,5.29
A,0,0,0.0,1.9
A,1,0,53206.2,6.44
A,1,0,35363.89,3.14
A,1,1,27570.71,7.7
A,1,0,39498.09,6.66
A,1,0,58256.2,9.29
A,1,0,46649.42,4.15
A,0,0,0.0,1.89
A,1,0,52639.89,8.54
A,1,0,26402.3,3.89
A,0,0,0.0,1.93
A,1,0,31204.73,4.19
A,0,0,0.0,1.15
A,1,1,53269.62,4.84
A,1,1,21588.22,6.89
A,1,0,96047.44,5.88
A,1,1,14609.93,9.63
A,1,0,26934.58,3.88
A,1,0,43700.11,9.82
A,1,0,48637.84,4.61
A,1,0,34536.16,8.41
A,1,0,35288.23,5.37
A,1,0,44590.45,4.0
A,1,1,32353.1,9.01
A,1,0,72881.54,5.16
A,0,0,0.0,1.01
A,1,0,56185.4,6.97
A,0,0,0.0,1.2
A,0,0,0.0,1.95
A,1,1,31249.76,8.13
A,0,0,0.0,1.44
A,0,0,0.0,1.71
A,1,0,27755.16,9.27
A,1,1,50397.76,3.4
A,0,0,0.0,1.55
A,0,0,0.0,1.73
A,1,0,23198.29,6.06
A,1,0,40524.06,5.82
A,1,1,53956.3,3.96
A,1,0,27301.03,6.55
A,1,0,55616.45,3.89
A,1,0,19641.66,6.34
A,1,0,75061.18,8.35
A,0,0,0.0,1.2
A,1,0,26951.5,6.37
A,1,0,31269.83,9.94
A,0,0,0.0,1.02
A,0,0,0.0,1.05
A,1,0,24967.27,5.9
A,1,0,32507.68,8.38
A,1,0,20161.27,3.28
A,1,0,90243.96,3.86
A,1,0,27359.05,4.42
A,1,0,55039.61,5.81
A,1,0,40325.33,8.92
A,1,1,22197.46,5.42
A,1,0,36207.54,7.58
A,1,0,53744.76,7.97
A,1,0,33053.06,7.1
A,1,0,65943.69,5.5
A,1,0,60521.73,7.04
A,0,0,0.0,1.95
A,1,0,28858.84,3.59
A,0,0,0.0,1.58
A,0,0,0.0,1.23
A,1,0,40059.47,3.51
A,1,0,47709.86,9.15
A,1,0,12261.44,5.11
A,1,0,36168.48,7.55
A,0,0,0.0,1.11
A,1,0,31609.97,5.74
A,1,0,69260.98,4.83
A,1,0,44841.53,5.4
A,1,1,69919.23,5.87
A,0,0,0.0,1.89
A,1,0,58031.35,6.58
A,1,0,82251.19,9.6
A,0,0,0.0,1.57
A,1,0,21034.71,6.52
A,1,0,31989.47,7.09
A,1,1,30559.1,9.44
A,1,0,46380.17,3.34
A,1,0,51183.72,7.01
A,1,1,23874.2,8.98
A,1,0,37568.43,4.69
A,1,0,13227.28,9.13
A,1,0,74680.37,3.13
A,0,0,0.0,1.95
A,1,0,37344.17,9.53
A,1,0,31106.6,7.6
A,1,1,64409.33,6.07
A,0,0,0.0,1.86
A,1,0,36015.15,9.44
A,1,0,34444.02,6.29
A,0,0,0.0,1.27
A,0,0,0.0,1.6
A,0,0,0.0,1.8
A,1,0,53417.74,3.87
A,1,0,43396.17,4.5
A,0,0,0.0,1.92
A,0,0,0.0,1.75
A,1,0,25172.7,7.35
A,1,0,62820.39,6.54
A,1,0,44921.0,8.72
A,0,0,0.0,1.76
A,1,0,27732.15,7.31
A,1,0,44054.88,3.09
A,1,0,55209.05,7.87
A,1,0,25858.24,5.93
A,1,0,8458.03,6.96
A,1,0,47174.63,7.54
A,1,0,19728.9,5.45
A,1,0,13244.41,9.42
A,1,0,8811.71,3.94
A,1,1,54556.41,7.7
A,1,0,38727.64,3.03
A,1,0,32440.79,9.47
A,1,0,72730.21,3.79
A,1,0,49944.23,3.66
A,1,0,81483.03,5.33
A,1,0,18099.37,5.61
A,0,0,0.0,1.2
A,1,0,16181.81,7.1
A,0,0,0.0,1.76
A,1,0,32070.51,3.24
A,0,0,0.0,1.69
A,0,0,0.0,1.28
A,1,0,49597.89,7.83
A,1,0,51622.87,8.07
A,1,0,106666.7,7.89
A,1,0,31018.89,5.18
A,0,0,0.0,1.41
A,0,0,0.0,1.01
A,0,0,0.0,1.17
A,1,0,76189.61,9.86
A,0,0,0.0,1.61
A,0,0,0.0,1.79
A,1,0,28691.1,3.98
A,1,1,52010.91,5.25
A,0,0,0.0,1.69
A,1,0,26348.5,3.53
A,0,0,0.0,1.55
A,1,0,23668.85,5.56
A,0,0,0.0,1.45
A,1,1,50319.76,8.46
A,1,0,16063.94,8.29
A,1,0,46172.07,7.25
A,0,0,0.0,1.59
A,0,0,0.0,1.19
A,1,1,22441.66,7.4
A,1,0,51348.17,6.88
A,0,0,0.0,1.4
A,1,0,55866.39,8.13
A,0,0,0.0,1.42
A,1,0,32349.36,9.11
A,1,0,27222.26,4.51
A,1,0,75774.52,3.59
A,1,0,25597.56,6.38
A,0,0,0.0,1.93
A,1,0,50649.49,8.8
A,1,0,24390.08,6.11
A,0,0,0.0,1.53
A,1,0,17644.83,6.69
A,1,0,28525.25,3.27
A,0,0,0.0,1.94
A,0,0,0.0,1.53
A,1,0,58434.0,4.1
A,0,0,0.0,1.37
A,0,0,0.0,1.1
A,1,0,32889.28,4.15
A,1,0,46867.45,3.86
A,0,0,0.0,1.48
A,0,0,0.0,1.19
A,1,0,28722.46,4.59
A,0,0,0.0,1.98
A,0,0,0.0,1.46
A,1,0,50672.31,7.27
A,1,0,48484.01,7.5
A,1,0,48469.1,3.62
A,0,0,0.0,1.93
A,1,0,73384.45,5.72
A,1,1,28508.02,5.19
A,0,0,0.0,1.3
A,0,0,0.0,1.55
A,1,0,26791.09,9.05
A,0,0,0.0,1.44
A,1,0,44570.08,5.12
A,0,0,0.0,1.83
A,1,0,37821.73,8.47
A,1,0,35633.93,9.52
A,0,0,0.0,1.02
A,1,0,65652.33,7.04
A,1,0,52125.7,4.92
A,0,0,0.0,1.62
A,0,0,0.0,1.02
A,0,0,0.0,1.4
A,0,0,0.0,1.99
A,1,0,31201.39,5.26
A,1,0,34875.55,7.51
A,1,0,7441.2,8.96
A,1,0,40348.13,7.26
A,0,0,0.0,1.87
A,1,0,80525.97,4.85
A,1,0,36668.45,6.64
A,1,0,20040.66,6.15
A,0,0,0.0,1.34
A,1,1,21524.34,6.9
A,1,0,46014.13,7.63
A,1,0,42002.05,7.14
A,1,0,58625.19,8.15
A,1,0,24454.25,7.0
A,0,0,0.0,1.86
A,0,0,0.0,1.06
A,1,1,51572.68,7.18
A,0,0,0.0,2.0
A,0,0,0.0,1.43
A,0,0,0.0,1.7
A,1,0,44684.7,6.88
A,1,0,80997.17,5.3
A,1,0,31490.87,8.04
A,1,0,38922.3,7.51
A,0,0,0.0,1.83
A,0,0,0.0,1.6
A,0,0,0.0,1.39
A,1,0,63067.87,7.46
A,1,0,31947.83,6.87
A,0,0,0.0,1.17
A,0,0,0.0,1.4
A,1,0,27795.28,5.63
A,0,0,0.0,1.4
A,0,0,0.0,1.76
A,1,0,68904.02,7.11
A,1,0,26037.39,4.77
A,1,1,52101.64,4.43
A,1,0,19244.89,5.38
A,1,0,50737.47,6.34
A,0,0,0.0,1.55
A,1,1,44006.87,6.6
A,1,0,22087.91,4.16
A,1,0,41141.56,9.84
A,1,0,20099.94,3.76
A,0,0,0.0,2.0
A,1,0,60761.19,9.4
A,1,0,54087.1,6.68
A,0,0,0.0,1.68
A,1,0,22305.68,6.05
A,1,0,50151.01,7.41
A,1,0,36669.13,5.38
A,1,0,11382.61,5.11
A,1,0,53707.87,7.05
A,1,0,35878.14,6.49
A,1,0,66252.31,7.06
A,0,0,0.0,1.04
A,1,0,7417.88,5.57
A,1,0,41753.64,3.59
A,0,0,0.0,1.38
A,1,0,15594.35,4.77
A,0,0,0.0,1.63
A,1,0,144005.8,3.73
A,0,0,0.0,1.14
A,1,0,52338.08,3.27
A,1,0,26230.29,7.61
A,1,0,12769.93,4.91
A,0,0,0.0,1.02
A,1,0,31799.24,6.39
A,1,0,29734.43,5.14
A,1,0,34292.42,6.62
A,0,0,0.0,1.76
A,1,0,33689.5,6.95
A,0,0,0.0,1.84
A,1,0,46309.04,9.98
A,1,1,13702.23,5.98
A,1,0,13027.55,5.44
A,1,0,52553.67,7.97
A,1,0,46793.99,5.55
A,1,0,35288.14,8.83
A,0,0,0.0,1.39
A,1,0,25490.08,8.04
A,1,0,31844.71,3.75
A,1,0,16351.14,8.92
A,1,0,25096.55,8.15
A,1,0,50320.37,4.48
A,1,0,74135.72,4.02
A,1,0,29445.1,5.21
A,0,0,0.0,1.81
A,0,0,0.0,1.48
A,1,0,50499.85,6.19
A,1,0,24295.0,3.21
A,0,0,0.0,1.51
A,1,0,32084.35,7.0
A,1,0,70277.5,9.67
A,1,0,23453.67,6.62
A,0,0,0.0,1.18
A,0,0,0.0,1.72
A,1,1,33551.85,3.29
A,1,0,33125.98,5.21
A,1,0,23793.4,7.03
A,0,0,0.0,1.56
A,1,1,35195.58,9.01
A,1,0,40971.01,4.6
A,0,0,0.0,1.12
A,1,0,54122.07,4.41
A,0,0,0.0,1.41
A,1,0,21475.94,8.97
A,1,1,56071.69,8.42
A,1,0,20067.0,5.75
A,0,0,0.0,1.81
A,0,0,0.0,1.26
A,0,0,0.0,1.0
A,1,0,38043.66,6.54
A,0,0,0.0,1.1
A,1,0,24850.11,3.92
A,1,0,71355.25,9.21
A,0,0,0.0,1.44
A,1,0,24265.52,5.96
A,1,0,37716.29,6.62
A,1,1,51164.18,5.59
A,1,1,33832.45,8.19
A,1,0,65067.81,8.49
A,1,0,47357.85,8.34
A,1,0,12220.8,8.06
A,0,0,0.0,1.81
A,0,0,0.0,1.11
A,1,0,46151.3,6.29
A,1,0,9775.08,5.32
A,1,1,129898.01,8.28
A,1,0,47359.04,5.31
A,1,0,39121.93,3.97
A,0,0,0.0,1.41
A,1,0,117222.25,9.86
A,1,0,56127.06,4.58
A,1,0,58361.2,7.29
A,1,0,38767.79,6.03
A,0,0,0.0,1.9
A,0,0,0.0,1.34
A,1,1,24027.25,7.92
A,0,0,0.0,1.87
A,1,0,18485.13,9.1
A,0,0,0.0,1.51
A,0,0,0.0,1.13
A,1,0,39952.97,9.56
A,1,0,35661.78,5.65
A,1,0,39083.97,7.03
A,1,0,27971.3,8.54
A,0,0,0.0,1.95
A,1,0,71686.52,8.01
A,1,0,19491.4,3.95
A,0,0,0.0,1.79
A,0,0,0.0,1.35
A,1,0,21867.57,8.68
A,1,0,18582.28,4.56
A,1,0,45076.14,8.02
A,1,0,25830.46,9.6
A,0,0,0.0,1.24
A,1,0,59688.29,6.78
A,1,0,72182.81,6.23
A,1,0,23713.66,5.28
A,1,0,46059.2,6.33
A,0,0,0.0,1.32
A,0,0,0.0,1.04
A,1,0,24689.02,9.56
A,1,0,81207.29,9.04
A,1,0,40690.42,9.22
A,0,0,0.0,1.27
A,0,0,0.0,1.07
A,1,1,19739.12,9.27
A,1,0,27317.29,5.75
A,0,0,0.0,1.07
A,1,0,21330.43,5.91
A,0,0,0.0,1.49
A,1,0,15611.25,7.97
A,1,0,20743.25,9.65
A,1,0,50790.04,4.71
A,1,0,49113.8,8.22
A,1,0,29853.63,6.65
A,0,0,0.0,1.88
A,1,0,21726.72,8.44
A,1,0,30132.69,6.87
A,1,0,50124.2,7.63
A,1,0,57764.11,5.26
A,1,0,28331.63,6.37
A,1,0,20399.26,7.32
A,0,0,0.0,1.99
A,1,0,24058.23,4.39
A,1,0,28025.6,9.73
A,1,0,70448.56,6.58
A,0,0,0.0,1.27
A,0,0,0.0,1.1
A,0,0,0.0,1.35
A,1,0,40364.19,5.85
A,1,0,61779.61,5.86
A,1,0,30097.07,6.81
A,1,0,71364.59,6.8
A,1,0,69311.95,6.48
A,1,0,83438.61,3.94
A,1,0,42303.35,6.47
A,1,0,48712.74,4.18
A,0,0,0.0,1.61
A,1,0,45419.51,9.53
A,1,0,28265.1,7.23
A,0,0,0.0,1.37
A,1,0,40916.04,5.81
A,0,0,0.0,1.86
A,1,1,33805.22,7.47
A,1,1,62835.38,8.38
A,0,0,0.0,1.8
A,0,0,0.0,1.78
A,0,0,0.0,1.36
A,1,0,28857.28,8.98
A,1,0,47652.74,4.21
A,1,0,36372.7,4.9
A,1,0,67170.89,5.0
A,0,0,0.0,1.34
A,1,0,18033.11,8.99
A,0,0,0.0,1.23
A,1,0,32767.29,3.53
A,1,0,37851.14,4.92
A,1,0,25233.15,4.4
A,0,0,0.0,1.31
A,0,0,0.0,1.62
A,0,0,0.0,1.53
A,0,0,0.0,1.22
A,0,0,0.0,1.16
A,0,0,0.0,1.24
A,1,0,40949.83,3.8
A,1,1,67952.65,7.73
A,1,0,53903.99,7.91
A,0,0,0.0,1.46
A,0,0,0.0,1.06
A,1,0,18130.5,3.0
A,0,0,0.0,1.33
A,0,0,0.0,1.65
A,1,1,35391.91,9.33
A,1,0,46702.14,3.11
A,0,0,0.0,1.77
A,1,0,21700.58,8.67
A,0,0,0.0,1.26
A,1,0,42383.89,3.65
A,0,0,0.0,1.46
A,0,0,0.0,1.93
A,0,0,0.0,1.9
A,1,0,63552.55,6.99
A,0,0,0.0,1.13
A,0,0,0.0,1.5
A,1,0,77992.97,7.2
A,0,0,0.0,1.35
A,1,0,21933.61,9.53
A,1,0,12798.09,3.53
A,1,0,17395.75,6.51
A,1,0,18271.22,7.81
A,1,0,72347.4,8.54
A,0,0,0.0,1.6
A,1,0,44125.9,9.36
A,0,0,0.0,1.12
A,1,0,19950.65,3.45
A,1,1,56587.3,5.82
A,1,0,41914.5,3.16
A,0,0,0.0,1.4
A,1,0,48166.6,6.76
A,0,0,0.0,1.7
A,0,0,0.0,1.25
A,1,0,37597.2,3.89
A,1,1,39986.55,3.65
A,1,0,120096.97,7.12
A,0,0,0.0,1.49
A,1,0,51103.67,4.86
A,0,0,0.0,1.57
A,1,0,48213.09,9.49
A,0,0,0.0,1.19
A,0,0,0.0,1.75
A,0,0,0.0,1.13
A,1,0,172207.44,8.16
A,0,0,0.0,1.71
A,1,0,23764.95,3.86
A,1,1,29381.49,9.5
A,0,0,0.0,1.48
A,0,0,0.0,1.45
A,0,0,0.0,1.71
A,0,0,0.0,1.62
A,1,0,19204.19,3.7
A,1,0,61343.31,6.47
A,0,0,0.0,1.29
A,1,0,25156.8,5.34
A,1,0,33834.46,7.87
A,1,0,80753.85,7.89
A,1,0,52405.87,7.93
A,1,0,36475.34,6.45
A,1,0,32246.29,9.4
A,1,0,37733.54,6.42
A,1,0,28116.68,6.15
A,0,0,0.0,1.24
A,1,0,100819.69,5.15
A,1,0,39248.26,3.3
A,0,0,0.0,1.86
A,1,0,35279.1,4.74
A,0,0,0.0,1.22
A,0,0,0.0,1.4
A,1,0,16322.55,5.29
A,1,0,113384.87,4.7
A,0,0,0.0,1.84
A,0,0,0.0,1.91
A,1,0,29140.1,3.91
A,1,0,69150.31,6.18
A,1,0,36579.91,6.55
A,0,0,0.0,1.57
A,1,0,67993.62,7.43
A,0,0,0.0,1.43
A,0,0,0.0,1.63
A,1,0,51941.18,5.08
A,1,0,120232.3,4.96
A,1,0,108287.76,4.02
A,1,0,25761.65,5.02
A,1,0,81792.64,5.17
A,1,0,43984.13,6.65
A,0,0,0.0,1.24
A,1,0,15581.89,5.67
A,1,0,33349.8,8.04
A,0,0,0.0,1.31
A,0,0,0.0,1.13
A,0,0,0.0,1.55
A,0,0,0.0,1.86
A,1,0,35917.6,3.56
A,1,0,63635.75,5.93
A,0,0,0.0,1.56
A,0,0,0.0,1.71
A,1,0,43285.92,3.62
A,0,0,0.0,1.67
A,1,0,31708.58,8.13
A,1,0,19765.82,7.28
A,1,0,20727.88,8.74
A,1,0,51775.7,5.83
A,1,1,36670.55,4.55
A,1,0,33885.55,6.58
A,0,0,0.0,1.01
A,1,0,31176.05,6.77
A,1,0,61295.14,6.96
A,0,0,0.0,1.47
A,0,0,0.0,1.87
A,0,0,0.0,1.23
A,0,0,0.0,1.48
A,0,0,0.0,1.13
A,1,0,81128.46,3.69
A,1,1,35944.08,4.86
A,1,0,41965.03,6.47
A,1,0,20141.51,8.93
A,1,0,32538.04,6.54
A,0,0,0.0,1.99
A,1,0,16685.8,3.97
A,1,0,40151.8,4.77
A,1,0,38192.54,8.12
A,0,0,0.0,1.03
A,1,0,60996.97,5.46
A,0,0,0.0,1.97
A,1,1,76041.61,5.45
A,1,0,22097.18,7.96
A,1,0,38869.39,5.57
A,0,0,0.0,1.24
A,1,0,21276.8,3.7
A,0,0,0.0,1.57
A,1,0,116115.03,5.59
A,1,0,36008.02,7.54
A,0,0,0.0,1.31
A,0,0,0.0,1.92
A,0,0,0.0,1.66
A,0,0,0.0,1.44
A,0,0,0.0,1.79
A,0,0,0.0,1.82
A,0,0,0.0,1.29
A,0,0,0.0,1.34
A,0,0,0.0,1.94
A,1,1,56646.01,5.36
A,0,0,0.0,1.04
A,1,0,24749.68,7.87
A,0,0,0.0,1.8
A,0,0,0.0,1.77
A,1,0,46669.33,8.02
A,0,0,0.0,1.53
A,1,0,37762.01,4.48
A,1,1,44361.09,7.43
A,0,0,0.0,1.78
A,1,0,21698.84,5.17
A,0,0,0.0,1.17
A,0,0,0.0,1.01
A,1,0,37818.03,6.79
A,1,1,28557.53,8.9
A,1,0,129274.17,8.33
A,1,0,35598.29,3.41
A,0,0,0.0,1.06
A,0,0,0.0,1.9
A,1,0,47083.57,9.05
A,0,0,0.0,1.31
A,1,0,27045.44,8.99
A,0,0,0.0,1.29
A,1,0,54634.37,5.43
A,0,0,0.0,1.88
A,1,0,29199.95,4.41
A,0,0,0.0,1.56
A,1,0,35072.87,8.52
A,0,0,0.0,1.53
A,0,0,0.0,1.36
A,1,0,31670.32,8.98
A,0,0,0.0,1.76
A,0,0,0.0,1.91
A,1,0,38135.98,8.81
A,1,1,45161.62,5.93
A,0,0,0.0,1.94
A,1,0,44192.8,4.99
A,1,0,45560.33,6.54
A,1,0,16463.29,6.72
A,0,0,0.0,1.02
A,1,0,46154.69,8.54
A,0,0,0.0,1.63
A,0,0,0.0,1.99
A,0,0,0.0,1.4
A,0,0,0.0,1.33
A,1,0,47486.79,9.12
A,0,0,0.0,1.83
A,1,0,29621.92,4.73
A,1,0,57181.24,7.87
A,1,0,38628.28,5.87
A,1,0,34127.44,9.13
A,0,0,0.0,1.86
A,0,0,0.0,1.49
A,1,0,42735.66,5.1
A,1,0,113313.4,7.05
A,0,0,0.0,1.0
A,1,1,47053.99,6.74
A,1,0,27872.6,9.14
A,1,0,23514.12,9.39
A,0,0,0.0,1.3
A,0,0,0.0,1.56
A,1,0,156230.35,6.84
A,1,0,33121.14,9.64
A,0,0,0.0,1.06
A,0,0,0.0,1.12
A,1,0,12870.33,8.09
A,0,0,0.0,1.34
A,1,0,36607.65,3.06
A,1,0,54030.3,3.06
A,0,0,0.0,1.9
A,1,0,28232.11,6.42
A,0,0,0.0,1.12
A,1,1,24758.88,7.81
A,1,1,20660.29,5.06
A,0,0,0.0,1.68
A,1,0,19210.4,5.11
A,0,0,0.0,1.7
A,1,0,22079.68,5.85
A,1,0,47802.9,4.63
A,1,0,89385.62,6.74
A,0,0,0.0,1.43
A,1,0,14378.52,6.56
A,0,0,0.0,1.93
A,1,0,36601.66,7.7
A,0,0,0.0,1.2
A,1,0,29051.92,3.77
A,0,0,0.0,1.91
A,0,0,0.0,1.99
A,0,0,0.0,1.87
A,0,0,0.0,2.0
A,0,0,0.0,1.24
A,0,0,0.0,1.84
A,1,0,22948.59,9.47
A,1,0,86299.99,6.84
A,0,0,0.0,1.1
A,1,0,35573.41,5.81
A,0,0,0.0,1.3
A,1,0,27020.68,8.44
A,1,0,14424.93,5.0
A,1,0,29309.67,8.91
A,0,0,0.0,1.47
A,1,0,30685.71,8.8
A,1,0,23784.34,8.76
A,1,0,57689.83,4.32
A,1,0,30779.76,7.91
A,1,0,28139.22,5.03
A,1,0,39133.26,5.08
A,0,0,0.0,1.19
A,1,0,119474.32,8.08
A,1,0,54919.19,4.61
A,1,0,64855.69,3.01
A,1,0,28198.3,8.01
A,1,0,21743.41,4.2
A,1,0,37465.12,3.73
A,1,0,38314.55,4.66
A,1,0,21178.54,5.66
A,0,0,0.0,1.92
A,0,0,0.0,1.83
A,0,0,0.0,1.33
A,1,0,46730.11,8.01
A,1,0,42002.41,5.26
A,1,0,28183.6,5.23
A,1,0,28086.65,6.14
A,0,0,0.0,1.13
A,1,0,88644.35,4.02
A,1,0,36560.55,4.32
A,1,0,32453.82,9.02
A,0,0,0.0,1.85
A,1,1,157602.13,5.66
A,1,0,21233.51,9.1
A,1,0,29306.83,7.64
A,1,1,44708.48,5.39
A,1,0,49026.02,7.79
A,1,0,58627.9,3.14
A,1,0,89662.17,8.15
A,1,0,46773.82,6.41
A,1,0,21417.95,8.69
A,1,1,31937.22,9.68
A,1,0,42358.15,9.48
A,0,0,0.0,1.1
A,0,0,0.0,1.26
A,1,0,66256.46,5.52
A,1,0,39733.79,6.26
A,1,1,55210.88,7.83
A,0,0,0.0,1.39
A,0,0,0.0,1.62
A,1,0,52861.81,9.43
A,0,0,0.0,1.86
A,1,0,59043.43,9.85
A,1,0,36074.72,9.16
A,0,0,0.0,1.47
A,0,0,0.0,1.28
A,0,0,0.0,1.14
A,0,0,0.0,1.0
A,1,1,22406.55,7.3
A,0,0,0.0,1.11
A,1,0,28756.54,9.29
A,0,0,0.0,1.59
A,1,0,24128.74,3.04
A,0,0,0.0,1.18
A,1,0,29547.68,3.7
A,0,0,0.0,1.95
A,1,0,16098.76,6.51
A,0,0,0.0,1.16
A,1,0,67932.54,5.44
A,1,0,24599.72,4.25
A,1,0,41614.78,7.53
A,1,0,44744.89,6.25
A,0,0,0.0,1.87
A,1,0,24117.61,5.99
A,0,0,0.0,1.94
A,1,1,27613.15,4.5
A,1,0,18621.44,6.62
A,0,0,0.0,1.08
A,0,0,0.0,1.24
A,1,0,132449.2,9.5
A,1,0,19933.11,5.65
A,0,0,0.0,1.93
A,1,0,29587.27,3.62
A,0,0,0.0,1.87
A,0,0,0.0,1.45
A,0,0,0.0,1.98
A,1,0,24638.43,6.81
A,0,0,0.0,1.33
A,1,0,26356.21,3.53
A,1,0,50489.83,7.89
A,1,0,60684.73,7.37
A,1,1,49010.45,4.32
A,0,0,0.0,1.07
A,0,0,0.0,1.84
A,0,0,0.0,1.17
A,1,0,71803.48,5.77
A,1,0,26833.92,5.26
A,1,0,57251.51,7.27
A,0,0,0.0,1.85
A,1,1,45631.06,7.7
A,0,0,0.0,1.44
A,1,0,22945.89,6.22
A,1,0,70359.44,9.24
A,0,0,0.0,1.57
A,1,0,37789.51,9.92
A,0,0,0.0,1.31
A,0,0,0.0,1.5
A,1,0,41747.71,9.53
A,1,0,32717.51,5.54
A,1,0,31059.68,8.91
A,0,0,0.0,1.88
A,1,0,47895.88,6.09
A,0,0,0.0,1.24
A,0,0,0.0,1.85
A,0,0,0.0,1.56
A,1,0,23722.25,7.15
A,0,0,0.0,1.62
A,0,0,0.0,1.36
A,1,0,31691.22,5.44
A,1,1,67296.41,6.28
A,0,0,0.0,1.73
A,1,0,39904.24,3.75
A,0,0,0.0,1.4
A,1,0,31883.55,3.23
A,1,1,17068.32,6.29
A,0,0,0.0,1.16
A,1,0,32963.21,3.81
A,1,0,47578.87,9.62
A,1,0,40604.75,8.13
A,1,0,19946.4,7.46
A,1,0,62448.6,7.52
A,1,0,40342.13,8.79
A,0,0,0.0,1.81
A,1,0,36149.15,6.53
A,0,0,0.0,1.12
A,1,0,40493.68,7.11
A,0,0,0.0,1.95
A,1,0,15162.07,3.51
A,0,0,0.0,1.58
A,1,0,31969.15,6.74
A,1,0,41278.01,5.65
A,1,0,65950.22,5.38
A,1,0,24689.41,7.35
A,1,0,28311.38,9.24
A,1,0,28105.85,6.47
A,0,0,0.0,1.32
A,1,0,30528.22,5.82
A,1,0,53391.19,3.72
A,1,0,21441.47,3.43
A,0,0,0.0,1.96
A,1,0,15507.03,5.66
A,1,0,27428.31,5.36
A,1,0,30799.55,8.03
A,0,0,0.0,1.55
A,0,0,0.0,1.02
A,1,0,12080.87,4.55
A,0,0,0.0,1.58
A,0,0,0.0,1.63
A,1,0,49359.5,4.01
A,0,0,0.0,1.21
A,1,1,39489.3,9.61
A,1,0,64934.2,8.63
A,1,1,27728.18,4.26
A,1,0,56809.3,5.85
A,1,0,16058.48,5.49
A,0,0,0.0,1.55
A,1,0,14712.89,6.57
A,1,0,31652.66,3.89
A,1,0,35485.14,8.17
A,0,0,0.0,1.85
A,1,0,37456.73,4.84
A,1,0,22838.96,5.63
A,1,0,33020.36,6.48
A,1,0,17176.14,5.4
A,0,0,0.0,1.74
A,0,0,0.0,1.66
A,1,0,28440.14,3.13
A,0,0,0.0,1.26
A,0,0,0.0,1.98
A,0,0,0.0,1.8
A,1,0,20991.86,7.58
A,1,0,35103.79,8.42
A,1,0,45062.96,8.7
A,0,0,0.0,1.3
A,1,0,131399.51,4.44
A,1,0,11793.26,8.16
A,1,0,49235.38,7.9
A,0,0,0.0,1.72
A,1,0,27086.55,9.32
A,0,0,0.0,1.82
A,0,0,0.0,2.0
A,1,0,84310.56,9.02
A,0,0,0.0,1.47
A,1,0,36739.14,9.57
A,0,0,0.0,1.79
A,1,1,17047.1,4.33
A,0,0,0.0,1.35
A,0,0,0.0,1.45
A,0,0,0.0,1.59
A,0,0,0.0,1.97
A,1,1,38232.04,5.71
A,1,0,39131.03,5.31
A,0,0,0.0,1.27
A,1,0,54261.89,9.11
A,1,0,40937.99,3.33
A,0,0,0.0,1.46
A,0,0,0.0,1.61
A,0,0,0.0,1.27
A,1,1,20052.67,3.74
A,0,0,0.0,1.11
A,1,0,47438.17,5.0
A,0,0,0.0,1.35
A,1,1,23723.7,9.55
A,0,0,0.0,1.61
A,0,0,0.0,1.1
A,1,0,64546.02,3.15
A,0,0,0.0,1.6
A,1,1,63530.47,6.51
A,0,0,0.0,1.67
A,0,0,0.0,1.18
A,1,0,24782.84,5.63
A,0,0,0.0,1.65
A,0,0,0.0,1.03
A,1,0,50126.13,6.72
A,1,0,29994.63,7.13
A,0,0,0.0,1.25
A,0,0,0.0,1.43
A,0,0,0.0,1.49
A,0,0,0.0,1.14
A,1,0,20026.19,4.57
A,0,0,0.0,1.6
A,1,0,34698.86,6.94
A,1,0,33229.79,9.61
A,1,0,50410.06,4.37
A,1,0,58803.31,7.49
A,1,0,35952.38,8.72
A,1,1,24696.08,6.92
A,0,0,0.0,1.63
A,1,0,25770.23,4.84
A,1,0,26672.65,3.27
A,1,1,38312.39,5.14
A,1,0,30559.37,8.21
A,1,0,51224.16,3.33
A,1,1,26729.11,4.54
A,1,0,35294.39,7.94
A,0,0,0.0,1.36
A,1,0,43084.24,6.19
A,1,0,35241.56,7.89
A,1,0,26877.04,5.72
A,0,0,0.0,1.99
A,1,0,23734.7,5.79
A,1,0,27708.56,7.06
A,1,0,52988.64,9.64
A,1,0,32501.97,3.48
A,1,0,18492.37,6.55
A,1,0,87911.39,5.3
A,1,0,42615.9,6.56
A,1,0,17971.25,3.17
A,1,0,29116.94,5.19
A,0,0,0.0,1.41
A,0,0,0.0,1.07
A,0,0,0.0,1.71
A,0,0,0.0,1.7
A,1,0,73111.67,5.09
A,1,0,26520.49,5.68
A,1,0,31610.45,8.85
A,0,0,0.0,1.59
A,0,0,0.0,1.23
A,1,0,35657.15,5.75
A,0,0,0.0,1.59
A,1,0,62635.77,5.99
A,0,0,0.0,1.45
A,1,0,13579.78,4.62
A,1,0,35931.79,8.2
A,1,0,42056.48,6.72
A,1,0,41138.88,8.66
A,1,0,30842.95,8.47
A,1,0,38652.86,4.51
A,0,0,0.0,1.13
A,1,0,43952.6,8.6
A,1,0,30131.18,5.42
A,1,0,28279.74,4.21
A,0,0,0.0,1.9
A,1,0,82320.05,6.16
A,1,0,33135.14,5.47
A,1,0,35957.85,6.88
A,1,0,28533.76,4.32
A,0,0,0.0,1.51
A,1,0,96753.19,4.8
A,1,0,45492.67,4.59
A,0,0,0.0,1.64
A,1,0,36989.58,6.49
A,1,0,11024.18,4.51
A,1,0,52710.79,4.9
A,0,0,0.0,1.1
A,1,0,44988.9,8.03
A,0,0,0.0,1.08
A,1,0,29964.59,6.24
A,1,0,29569.17,8.0
A,0,0,0.0,1.49
A,0,0,0.0,1.78
A,1,0,102881.2,9.76
A,0,0,0.0,1.34
A,0,0,0.0,1.08
A,1,0,34054.82,4.3
A,1,1,26216.98,3.88
A,1,0,12122.38,3.97
A,1,1,80800.26,8.24
A,0,0,0.0,1.11
A,0,0,0.0,1.21
A,1,0,39446.55,8.22
A,1,0,18196.62,7.23
A,0,0,0.0,1.77
A,1,0,55320.03,3.13
A,0,0,0.0,1.33
A,1,1,10240.6,7.46
A,0,0,0.0,1.1
A,1,0,33830.61,3.23
A,0,0,0.0,1.86
A,1,0,52274.26,7.79
A,1,0,49951.25,4.86
A,1,0,41331.69,7.82
A,0,0,0.0,1.03
A,0,0,0.0,1.1
A,1,0,46736.98,3.25
A,1,0,49675.6,9.53
A,1,0,19540.0,5.42
A,0,0,0.0,1.78
A,1,0,25009.95,6.44
A,1,0,26087.96,8.38
A,1,0,52929.16,4.55
A,1,0,26708.33,4.89
A,1,0,23666.73,4.7
A,1,0,26747.15,9.94
A,0,0,0.0,1.53
A,1,1,36553.11,7.03
A,0,0,0.0,1.98
A,1,0,34371.99,4.03
A,1,0,69288.22,9.8
A,0,0,0.0,1.1
A,0,0,0.0,1.78
A,0,0,0.0,1.37
A,1,0,33516.41,7.44
A,1,0,126810.64,8.33
A,0,0,0.0,1.61
A,1,0,30429.17,4.26
A,1,1,19609.79,8.36
A,1,1,58467.77,5.37
A,1,0,84507.41,4.23
A,0,0,0.0,1.71
A,1,0,66968.28,8.56
A,1,0,32898.74,6.25
A,1,0,30253.87,6.76
A,1,0,15747.16,9.97
A,1,0,100502.39,5.79
A,1,0,45912.33,7.31
A,1,0,28396.51,5.56
A,0,0,0.0,1.99
A,1,0,22328.47,7.87
A,1,0,44502.96,9.57
A,0,0,0.0,1.29
A,0,0,0.0,1.77
A,1,1,35179.3,3.62
A,1,1,17580.33,4.48
A,1,0,37714.06,6.51
A,0,0,0.0,1.01
A,0,0,0.0,1.43
A,0,0,0.0,1.41
A,1,0,21530.7,3.1
A,0,0,0.0,1.47
A,1,0,26575.49,6.6
A,1,0,52759.04,7.01
A,1,0,36891.84,9.48
A,0,0,0.0,1.6
A,1,0,62558.36,5.9
A,0,0,0.0,1.38
A,1,0,41629.29,8.49
A,1,0,22046.16,4.4
A,1,0,36264.95,3.92
A,1,1,27818.45,7.73
A,0,0,0.0,1.91
A,1,0,30113.62,8.53
A,0,0,0.0,1.51
A,0,0,0.0,1.96
A,0,0,0.0,1.17
A,1,1,40002.2,6.74
A,1,0,18507.13,3.79
A,1,0,36601.38,8.8
A,0,0,0.0,1.35
A,0,0,0.0,1.31
A,1,0,82600.48,9.7
A,0,0,0.0,1.22
A,1,1,65104.89,7.17
A,0,0,0.0,1.19
A,1,0,26313.3,5.55
A,0,0,0.0,1.97
A,1,1,65714.36,7.45
A,0,0,0.0,1.97
A,0,0,0.0,1.14
A,0,0,0.0,1.59
A,1,0,24911.1,6.46
A,1,1,43972.81,8.54
A,1,0,63733.54,6.33
A,1,0,15193.36,6.76
A,1,0,44565.68,8.4
A,0,0,0.0,1.19
A,1,0,38433.98,5.87
A,1,0,45683.71,9.27
A,1,0,33054.03,4.14
A,1,0,34482.48,9.97
A,1,0,32632.45,3.83
A,1,1,58992.06,3.1
A,0,0,0.0,1.19
A,1,0,40550.03,4.71
A,0,0,0.0,1.79
A,0,0,0.0,1.15
A,1,0,56916.16,9.01
A,0,0,0.0,1.32
A,1,0,50501.87,5.06
A,0,0,0.0,1.66
A,1,0,61041.12,3.81
A,0,0,0.0,1.81
A,0,0,0.0,1.16
A,0,0,0.0,1.79
A,0,0,0.0,1.06
A,1,0,30853.14,6.53
A,1,0,44142.71,7.52
A,1,0,33625.75,9.81
A,1,0,30940.07,3.39
A,0,0,0.0,1.33
A,1,0,22697.64,9.04
A,0,0,0.0,1.21
A,0,0,0.0,1.81
A,0,0,0.0,1.77
A,1,0,42783.4,5.32
A,0,0,0.0,1.46
A,0,0,0.0,1.77
A,1,0,43625.93,6.65
A,1,0,25078.22,9.53
A,0,0,0.0,1.05
A,1,0,39171.37,7.85
A,1,0,42159.95,3.04
A,1,0,24555.73,5.99
A,1,0,51715.67,4.38
A,1,0,102986.84,9.38
A,1,0,21939.5,4.22
A,1,1,30641.8,5.0
A,1,0,40774.16,6.62
A,0,0,0.0,1.37
A,1,0,27452.89,4.47
A,0,0,0.0,1.91
A,1,0,71653.32,3.62
A,1,0,53117.04,3.41
A,1,0,15192.03,5.61
A,1,1,26801.57,8.04
A,1,0,79546.04,6.88
A,0,0,0.0,1.31
A,1,0,58065.1,6.96
A,1,1,33254.45,5.56
A,0,0,0.0,1.49
A,1,1,34014.33,3.38
A,1,0,63839.02,7.71
A,0,0,0.0,1.76
A,1,0,24272.52,8.63
A,1,0,60182.52,4.29
A,0,0,0.0,1.26
A,1,1,72347.32,8.02
A,0,0,0.0,1.94
A,0,0,0.0,1.66
A,1,0,22897.74,8.03
A,1,0,36449.44,8.11
A,1,0,17339.22,3.7
A,1,0,28457.96,8.02
A,1,0,17709.79,7.76
A,0,0,0.0,1.54
A,1,0,51963.39,3.29
A,1,0,15288.69,3.16
A,0,0,0.0,1.53
A,0,0,0.0,1.41
A,1,0,37160.56,6.91
A,1,0,26355.78,9.42
A,0,0,0.0,1.07
A,1,0,18779.4,8.91
A,1,0,36682.43,3.0
A,1,1,39727.99,4.18
A,0,0,0.0,1.98
A,1,1,43471.88,5.3
A,1,0,28301.87,9.36
A,1,0,22570.7,3.68
A,1,0,30610.22,7.24
A,0,0,0.0,1.14
A,0,0,0.0,1.1
A,0,0,0.0,1.11
A,1,0,17205.44,4.48
A,1,0,68021.08,3.21
A,1,0,28315.47,6.04
A,1,0,19262.81,4.94
A,1,0,33385.28,9.09
A,0,0,0.0,1.15
A,1,0,15165.32,7.3
A,1,0,42865.55,6.72
A,1,1,21513.18,3.64
A,1,0,85435.28,6.12
A,1,0,47192.03,10.0
A,0,0,0.0,1.27
A,0,0,0.0,1.65
A,0,0,0.0,1.99
A,1,0,49335.31,3.72
A,1,0,35855.52,4.59
A,1,0,32578.92,3.02
A,1,0,37390.99,5.12
A,0,0,0.0,1.95
A,1,0,30589.04,6.31
A,1,0,12798.76,7.74
A,1,0,59092.73,9.12
A,1,0,42167.24,8.24
A,0,0,0.0,1.83
A,1,1,93841.97,3.38
A,1,0,37930.4,3.09
A,1,0,21631.98,7.63
A,1,0,55735.29,5.03
A,0,0,0.0,1.01
A,0,0,0.0,1.51
A,0,0,0.0,2.0
A,0,0,0.0,1.69
A,1,0,31860.45,6.08
A,0,0,0.0,1.88
A,1,0,14010.02,7.71
A,1,0,29233.29,5.71
A,0,0,0.0,1.82
A,1,0,24747.17,4.16
A,0,0,0.0,1.15
A,1,0,29028.09,8.19
A,0,0,0.0,1.47
A,0,0,0.0,1.42
A,0,0,0.0,1.29
A,0,0,0.0,1.17
A,1,0,35374.53,6.99
A,1,0,33777.86,6.39
A,1,0,37105.5,6.85
A,1,0,60561.87,6.44
A,0,0,0.0,1.24
A,1,0,27254.09,8.01
A,0,0,0.0,1.14
A,1,0,48517.19,8.25
A,1,0,73571.53,3.95
A,0,0,0.0,1.71
A,1,0,38157.09,9.83
A,1,0,43009.6,9.7
A,1,0,22108.36,3.42
A,0,0,0.0,1.68
A,0,0,0.0,1.35
A,1,0,14995.04,6.4
A,1,0,43624.46,8.81
A,1,0,29973.31,9.65
A,0,0,0.0,1.09
A,0,0,0.0,1.83
A,1,0,22287.92,7.22
A,1,0,35503.01,5.18
A,1,0,19603.22,9.37
A,0,0,0.0,1.74
A,0,0,0.0,1.21
A,1,0,32928.95,5.27
A,1,0,21565.8,5.05
A,1,0,48301.15,3.23
A,0,0,0.0,1.79
A,1,0,28019.8,6.15
A,0,0,0.0,1.21
A,0,0,0.0,1.34
A,1,0,47019.71,8.73
A,1,0,22233.09,3.87
A,1,0,17990.36,9.0
A,1,0,38315.28,9.28
A,0,0,0.0,1.54
A,0,0,0.0,1.77
A,1,0,34893.15,4.52
A,1,1,40236.82,5.62
A,0,0,0.0,1.02
A,0,0,0.0,1.19
A,1,0,33452.41,7.25
A,0,0,0.0,1.38
A,1,0,23907.66,9.06
A,1,0,42361.91,3.22
A,0,0,0.0,1.96
A,0,0,0.0,1.2
A,0,0,0.0,1.86
A,1,0,36849.42,9.2
A,1,0,51481.97,8.1
A,0,0,0.0,1.16
A,1,0,25790.31,5.33
A,1,0,45645.58,6.52
A,1,1,103684.79,3.1
A,1,0,33892.83,3.05
A,1,0,48804.02,4.68
A,0,0,0.0,1.43
A,1,0,95905.9,4.82
A,1,0,15159.6,4.24
A,1,0,38074.9,3.2
A,0,0,0.0,1.65
A,0,0,0.0,1.4
A,1,0,42139.09,8.15
A,0,0,0.0,1.59
A,0,0,0.0,1.01
A,0,0,0.0,1.0
A,0,0,0.0,1.62
A,1,0,31917.59,7.71
A,0,0,0.0,1.19
A,1,0,26247.28,9.89
A,0,0,0.0,1.05
A,0,0,0.0,1.31
A,0,0,0.0,1.15
A,0,0,0.0,1.58
A,1,0,65420.6,9.26
A,1,0,38885.37,5.04
A,0,0,0.0,1.26
A,0,0,0.0,1.09
A,1,1,140296.56,9.45
A,1,0,32359.7,3.99
A,1,0,63045.3,4.57
A,0,0,0.0,1.22
A,0,0,0.0,1.26
A,1,0,23839.26,7.34
A,1,1,10746.59,4.62
A,0,0,0.0,1.68
A,0,0,0.0,1.64
A,1,0,39659.08,9.9
A,1,0,19440.03,8.67
A,1,0,31805.08,6.22
A,1,0,36932.96,9.33
A,1,0,41535.21,5.87
A,0,0,0.0,1.61
A,0,0,0.0,1.53
A,0,0,0.0,1.68
A,0,0,0.0,1.64
A,1,0,34388.87,6.69
A,1,0,36945.08,5.22
A,1,0,39351.71,4.81
A,1,1,71758.83,3.26
A,0,0,0.0,1.68
A,0,0,0.0,1.9
A,1,0,20918.89,4.04
A,1,0,54735.99,7.58
A,0,0,0.0,1.72
A,1,1,29436.37,8.27
A,1,0,14011.91,6.53
A,0,0,0.0,1.13
A,1,0,19656.43,9.55
A,1,1,27020.77,8.65
A,1,0,43441.58,7.45
A,0,0,0.0,1.12
A,1,0,17209.99,9.88
A,1,0,12556.91,4.92
A,0,0,0.0,1.03
A,1,0,27650.72,6.1
A,0,0,0.0,1.39
A,1,0,22088.72,9.85
A,0,0,0.0,1.8
A,1,0,27372.76,6.9
A,1,0,41009.84,7.59
A,1,0,28707.06,6.48
A,1,1,49324.0,3.22
A,0,0,0.0,1.26
A,0,0,0.0,1.21
A,1,0,14777.97,5.92
A,1,0,11946.73,8.3
A,0,0,0.0,1.72
A,0,0,0.0,1.88
A,1,1,26483.61,4.13
A,1,0,67622.96,5.6
A,1,0,67105.09,8.93
A,0,0,0.0,1.08
A,1,0,14809.73,5.68
A,1,0,27354.8,7.12
A,1,0,26905.59,8.05
A,0,0,0.0,1.55
A,1,0,25620.31,4.18
A,1,0,26193.55,9.8
A,1,1,29933.37,7.32
A,0,0,0.0,1.47
A,1,0,40302.2,5.36
A,1,0,43485.57,7.92
A,1,0,23032.87,4.56
A,1,0,68564.67,4.83
A,1,0,22247.14,6.58
A,0,0,0.0,1.87
A,0,0,0.0,1.89
A,1,0,24132.05,4.84
A,0,0,0.0,1.03
A,1,0,10917.97,7.93
A,1,0,72855.11,6.44
A,1,0,50825.16,3.66
A,1,0,17150.14,4.2
A,0,0,0.0,1.08
A,0,0,0.0,1.14
A,0,0,0.0,1.16
A,1,0,23930.46,8.28
A,1,0,11695.67,3.14
A,1,0,30473.44,4.75
A,1,0,32407.34,9.23
A,1,0,51934.91,8.03
A,1,0,18042.06,3.51
A,1,0,16981.11,8.75
A,1,0,45500.62,6.45
A,0,0,0.0,1.91
A,0,0,0.0,1.58
A,0,0,0.0,1.74
A,0,0,0.0,1.49
A,1,0,62686.58,4.63
A,0,0,0.0,1.06
A,0,0,0.0,1.54
A,1,0,33658.35,3.28
A,1,0,61702.02,3.1
A,0,0,0.0,1.72
A,1,0,29912.07,7.54
A,1,0,33254.1,6.97
A,1,0,8520.61,6.87
A,1,0,83756.9,3.22
A,1,0,23139.86,6.29
A,1,0,46763.94,9.47
A,1,0,34774.84,5.78
A,1,0,68105.25,7.37
A,0,0,0.0,1.41
A,1,0,32290.81,8.49
A,1,0,23230.99,6.63
A,1,0,54118.17,9.01
A,0,0,0.0,1.92
A,1,0,50158.6,9.22
A,1,0,20962.23,4.68
A,0,0,0.0,1.29
A,0,0,0.0,1.46
A,1,0,50114.31,8.57
A,0,0,0.0,1.23
A,1,0,15120.57,4.6
A,1,0,23614.95,4.62
A,1,0,50827.59,9.31
A,1,0,39471.25,8.84
A,0,0,0.0,1.27
A,1,0,44428.54,7.31
A,1,0,22396.26,6.32
A,0,0,0.0,1.66
A,0,0,0.0,1.45
A,1,0,11418.36,3.88
A,1,0,83844.65,5.93
A,1,0,45291.44,5.41
A,0,0,0.0,1.32
A,0,0,0.0,1.1
A,0,0,0.0,1.07
A,1,0,110829.63,3.98
A,1,0,18761.47,6.59
A,1,0,53407.2,4.7
A,1,0,36335.66,4.29
A,1,0,16777.32,3.45
A,0,0,0.0,1.29
A,1,1,55094.3,5.99
A,1,0,26888.04,7.39
A,0,0,0.0,1.25
A,1,0,15781.89,7.76
A,0,0,0.0,1.75
A,1,0,38882.47,5.72
A,1,0,36779.38,5.63
A,1,0,25379.91,7.48
A,1,0,54436.88,6.46
A,0,0,0.0,1.64
A,1,0,55774.36,9.12
A,1,0,34147.06,4.19
A,1,0,49084.09,3.95
A,1,0,29061.65,7.41
A,0,0,0.0,1.73
A,1,0,24190.79,3.13
A,0,0,0.0,1.81
A,0,0,0.0,1.72
A,1,0,18255.92,9.5
A,0,0,0.0,1.15
A,1,0,38675.08,8.34
A,1,0,55579.07,4.41
A,1,0,66965.17,4.64
A,0,0,0.0,1.49
A,0,0,0.0,1.26
A,1,0,59151.47,5.14
A,0,0,0.0,1.72
A,1,0,51171.03,4.12
A,1,0,12371.3,4.44
A,1,0,45410.15,8.52
A,0,0,0.0,1.8
A,1,0,83004.89,3.2
A,1,0,49589.96,7.41
A,1,0,40942.7,9.83
A,1,0,46311.94,5.32
A,1,1,22043.64,3.83
A,1,1,81766.94,6.99
A,0,0,0.0,1.12
A,1,0,44198.97,8.49
A,1,0,80434.77,7.36
A,1,0,27321.41,5.21
A,0,0,0.0,1.71
A,0,0,0.0,1.06
A,1,1,45137.58,7.75
A,0,0,0.0,1.08
A,1,0,47518.96,9.76
A,1,0,42327.6,4.82
A,1,0,22045.12,3.13
A,1,1,47070.25,6.82
A,1,0,55924.85,7.95
A,0,0,0.0,1.83
A,0,0,0.0,1.57
A,0,0,0.0,1.31
A,1,0,45888.75,6.59
A,1,0,20228.74,5.31
A,0,0,0.0,1.63
A,1,0,26490.32,6.32
A,1,0,22673.9,8.6
A,1,0,27611.9,7.06
A,0,0,0.0,1.23
A,1,1,55192.22,5.33
A,1,0,30928.1,8.82
A,0,0,0.0,1.75
A,1,0,64217.69,6.82
A,1,0,23895.73,4.5
A,1,0,35264.77,6.33
A,1,0,45400.04,5.23
A,0,0,0.0,1.89
A,1,0,62761.04,9.77
A,1,0,46143.05,4.12
A,0,0,0.0,1.75
A,0,0,0.0,1.18
A,0,0,0.0,1.37
A,1,0,33736.31,7.89
A,1,0,58803.86,4.77
A,0,0,0.0,1.17
A,0,0,0.0,1.05
A,1,0,126259.17,9.55
A,1,0,31648.29,3.08
A,1,0,30980.7,7.12
A,0,0,0.0,1.87
A,1,0,62053.86,9.11
A,1,0,17098.28,3.59
A,1,0,13591.8,7.77
A,0,0,0.0,1.62
A,0,0,0.0,1.42
A,1,0,29365.75,9.6
A,0,0,0.0,1.76
A,0,0,0.0,1.55
A,1,0,17793.47,6.3
A,1,0,37596.59,5.79
A,1,0,55897.32,5.17
A,0,0,0.0,1.36
A,1,0,54727.2,5.69
A,0,0,0.0,1.61
A,0,0,0.0,1.18
A,1,0,66785.42,3.62
A,0,0,0.0,1.47
A,1,0,30392.59,6.36
A,1,0,38360.59,7.37
A,0,0,0.0,1.92
A,0,0,0.0,1.76
A,1,0,78154.01,6.01
A,0,0,0.0,1.68
A,0,0,0.0,1.9
A,1,0,72300.8,9.48
A,0,0,0.0,1.25
A,1,0,30285.8,3.76
A,1,1,55670.24,3.76
A,1,0,43071.12,6.0
A,0,0,0.0,1.98
A,0,0,0.0,1.45
A,1,0,60646.43,4.01
A,1,0,136081.05,6.66
A,1,0,48974.23,3.05
A,1,0,37222.33,5.22
A,0,0,0.0,1.96
A,0,0,0.0,1.41
A,1,0,119848.52,9.85
A,0,0,0.0,1.82
A,1,0,31682.93,5.51
A,0,0,0.0,1.67
A,0,0,0.0,1.43
A,0,0,0.0,1.56
A,1,0,28319.98,8.74
A,0,0,0.0,1.7
A,1,0,17081.0,9.99
A,1,0,39834.37,4.81
A,1,0,45541.45,8.07
A,1,0,85277.41,9.36
A,1,0,24700.79,4.65
A,0,0,0.0,1.48
A,0,0,0.0,1.6
A,1,0,18614.87,9.83
A,0,0,0.0,1.59
A,1,0,78772.53,9.67
A,0,0,0.0,1.06
A,0,0,0.0,1.0
A,1,0,38831.19,6.72
A,0,0,0.0,1.79
A,1,0,30744.95,4.56
A,1,0,31095.07,7.94
A,0,0,0.0,1.51
A,1,0,41445.2,6.87
A,1,0,35590.47,4.77
A,1,0,52716.32,9.69
A,0,0,0.0,1.61
A,1,1,33478.15,4.4
A,1,0,23491.72,4.7
A,0,0,0.0,1.76
A,0,0,0.0,1.02
A,1,0,20503.08,6.44
A,1,0,37939.08,9.11
A,1,0,40803.43,7.98
A,1,0,25360.99,7.06
A,1,0,27067.04,3.62
A,0,0,0.0,1.42
A,0,0,0.0,1.3
A,0,0,0.0,1.66
A,1,0,23209.64,4.75
A,0,0,0.0,1.4
A,1,0,116881.27,5.45
A,0,0,0.0,1.27
A,0,0,0.0,1.85
A,1,0,25251.2,6.96
A,0,0,0.0,1.46
A,1,0,19290.55,7.93
A,0,0,0.0,1.45
A,1,0,23470.64,6.04
A,1,0,32745.07,6.42
A,0,0,0.0,1.88
A,1,0,54785.19,6.65
A,0,0,0.0,1.52
A,1,1,47857.45,7.05
A,0,0,0.0,1.41
A,0,0,0.0,1.88
A,1,0,39100.01,8.75
A,1,0,24812.12,6.05
A,1,0,40343.42,3.51
A,1,0,78054.87,8.5
A,1,0,24611.09,5.64
A,0,0,0.0,1.47
A,0,0,0.0,1.22
A,0,0,0.0,1.33
A,0,0,0.0,1.96
A,0,0,0.0,1.52
A,0,0,0.0,1.4
A,1,0,92438.76,3.01
A,0,0,0.0,1.78
A,0,0,0.0,1.34
A,1,0,20463.95,5.56
A,1,0,62627.04,7.21
A,1,0,27293.61,7.24
A,1,0,37120.12,5.56
A,0,0,0.0,1.88
A,1,0,28506.03,6.52
A,1,0,35491.04,6.25
A,0,0,0.0,1.96
A,1,1,51106.26,6.45
A,1,0,48794.47,4.25
A,1,0,32530.82,6.59
A,0,0,0.0,1.55
A,0,0,0.0,1.21
A,1,0,17347.33,8.52
A,0,0,0.0,1.8
A,1,0,93535.46,4.78
A,0,0,0.0,1.49
A,0,0,0.0,1.11
A,0,0,0.0,1.08
A,1,0,52171.72,3.91
A,0,0,0.0,1.31
A,0,0,0.0,1.95
A,1,0,22948.1,9.25
A,0,0,0.0,1.66
A,1,0,16608.82,6.79
A,0,0,0.0,1.17
A,1,0,56148.89,6.82
A,0,0,0.0,1.38
A,1,1,16877.57,8.22
A,1,0,79994.96,6.54
A,1,0,26745.46,7.53
A,1,0,64085.53,6.52
A,1,1,33624.19,6.44
A,1,0,33490.68,4.2
A,1,0,45216.0,4.95
A,1,0,23341.79,4.11
A,1,0,38802.83,4.37
A,0,0,0.0,1.86
A,1,1,18765.09,4.07
A,0,0,0.0,1.57
A,0,0,0.0,1.81
A,0,0,0.0,1.79
A,1,0,19829.37,4.08
A,0,0,0.0,1.55
A,1,0,56294.78,8.5
A,1,0,58810.63,4.66
A,1,0,31172.07,5.02
A,0,0,0.0,1.85
A,1,0,96419.01,8.78
A,1,1,35222.88,7.88
A,0,0,0.0,1.61
A,0,0,0.0,1.06
A,1,1,65092.23,6.92
A,1,0,35899.36,4.31
A,0,0,0.0,1.21
A,1,0,62411.2,7.21
A,1,0,21201.12,5.29
A,1,0,25928.68,8.47
A,0,0,0.0,1.36
A,0,0,0.0,1.44
A,0,0,0.0,1.52
A,0,0,0.0,1.63
A,1,0,28616.05,8.86
A,1,1,31275.49,4.07
A,1,0,30359.9,3.58
A,1,0,27553.07,7.49
A,1,0,20982.17,6.3
A,0,0,0.0,1.66
A,1,0,92386.03,5.54
A,0,0,0.0,1.56
A,1,0,80102.18,6.51
A,1,0,29740.57,6.19
A,0,0,0.0,1.29
A,1,0,35184.57,7.86
A,0,0,0.0,1.67
A,1,0,59392.67,8.97
A,1,0,38674.79,9.81
A,1,1,28616.09,4.87
A,1,0,18914.9,8.01
A,1,0,23230.06,5.76
A,0,0,0.0,1.22
A,0,0,0.0,1.88
A,1,0,19963.63,9.96
A,0,0,0.0,1.44
A,1,0,72045.34,9.67
A,0,0,0.0,1.62
A,1,0,35734.13,9.32
A,1,1,34768.17,8.7
A,1,0,92961.18,6.21
A,1,0,47116.48,4.76
A,1,0,30825.48,5.59
A,1,0,17800.66,3.14
A,1,0,44220.18,6.67
A,0,0,0.0,1.0
A,1,0,26480.77,6.68
A,1,0,42007.41,9.82
A,1,0,30279.11,9.38
A,1,1,33123.02,4.13
A,1,0,10468.11,5.58
A,1,1,32503.7,5.97
A,1,0,58964.13,5.52
A,1,0,26484.07,8.59
A,1,0,37281.9,6.67
A,1,0,24885.1,7.0
A,1,0,43487.15,8.97
A,1,0,32589.27,8.64
A,1,0,22705.88,3.93
A,0,0,0.0,1.98
A,1,1,57783.93,6.05
A,1,0,26837.26,5.06
A,1,0,46578.49,3.35
A,0,0,0.0,1.17
A,1,0,50068.66,5.49
A,1,1,15566.43,4.76
A,1,0,60072.25,7.86
A,1,0,27313.89,8.39
A,1,0,30366.22,4.71
A,1,0,135800.32,3.35
A,0,0,0.0,1.91
A,1,1,29936.65,3.07
A,0,0,0.0,1.01
A,0,0,0.0,1.46
A,1,0,18534.61,5.25
A,1,0,21988.62,4.73
A,1,0,30770.87,3.06
A,1,0,73733.01,4.65
A,1,0,53456.31,3.96
A,0,0,0.0,1.38
A,0,0,0.0,1.94
A,1,0,26898.0,6.7
A,1,0,38941.93,7.13
A,0,0,0.0,1.37
A,0,0,0.0,1.04
A,0,0,0.0,1.97
A,1,0,46489.82,3.18
A,0,0,0.0,1.95
A,1,0,52623.14,5.23
A,1,0,34683.38,8.57
A,1,0,21142.55,6.02
A,1,0,29683.78,6.17
A,0,0,0.0,1.97
A,1,0,57245.7,7.99
A,1,1,33131.37,4.91
A,1,0,19838.91,3.85
A,1,0,37360.56,6.89
A,1,1,38435.16,5.29
A,1,0,39851.64,6.1
A,0,0,0.0,1.96
A,1,0,60443.34,6.46
A,1,0,26981.17,7.34
A,1,1,26686.9,6.81
A,0,0,0.0,1.41
A,0,0,0.0,1.98
A,0,0,0.0,1.58
A,1,0,31022.22,7.75
A,1,0,32185.93,9.11
A,1,1,75613.59,6.03
A,0,0,0.0,1.55
A,0,0,0.0,1.0
A,1,0,20021.1,7.08
A,0,0,0.0,1.2
A,0,0,0.0,1.19
A,1,0,20598.84,3.22
A,0,0,0.0,1.3
A,1,0,27094.98,8.31
A,1,0,32506.66,9.67
A,1,0,17667.98,3.38
A,1,0,58653.83,7.18
A,1,0,63821.36,5.99
A,1,1,13716.14,5.31
A,1,0,59232.69,3.63
A,1,0,24215.2,6.94
A,1,0,55741.92,6.35
A,1,0,35093.69,3.73
A,1,0,36841.78,7.29
A,1,0,33105.38,8.17
A,0,0,0.0,1.84
A,0,0,0.0,1.43
A,0,0,0.0,1.64
A,0,0,0.0,1.18
A,1,0,51956.91,9.06
A,0,0,0.0,1.98
A,1,0,27876.15,4.11
A,1,0,58609.52,6.05
A,0,0,0.0,1.41
A,1,0,67285.7,7.03
A,0,0,0.0,1.58
A,0,0,0.0,1.04
A,0,0,0.0,1.59
A,0,0,0.0,1.27
A,1,0,17919.36,9.01
A,1,1,28045.31,5.17
A,1,0,49489.53,9.8
A,1,0,72839.92,3.83
A,1,0,38390.48,9.71
A,0,0,0.0,1.19
A,0,0,0.0,1.97
A,1,0,29096.36,3.33
A,1,1,31436.11,7.94
A,1,0,34293.81,8.95
A,1,0,37875.02,6.04
A,0,0,0.0,1.91
A,1,1,29073.91,7.13
A,1,0,38929.76,7.41
A,1,0,35505.35,8.92
A,0,0,0.0,1.18
A,0,0,0.0,1.54
A,1,1,33798.45,9.34
A,1,0,33438.38,9.31
A,1,0,36896.79,9.84
A,1,0,37715.89,9.31
A,0,0,0.0,1.84
A,1,0,68621.24,8.77
A,1,0,20236.83,5.87
A,1,0,25324.18,9.94
A,0,0,0.0,1.48
A,1,0,21612.01,6.88
A,0,0,0.0,1.23
A,1,0,52430.22,5.25
A,1,0,12854.38,3.53
A,1,0,32285.16,9.27
A,1,0,106182.27,8.62
A,0,0,0.0,1.4
A,1,0,13480.75,8.44
A,1,0,17161.25,7.38
A,1,0,56907.35,5.86
A,1,0,63728.58,4.78
A,1,0,28105.08,9.02
A,1,0,51103.39,7.9
A,0,0,0.0,1.16
A,1,0,88758.39,7.27
A,1,1,32107.1,3.64
A,0,0,0.0,1.46
A,1,0,24090.2,4.36
A,0,0,0.0,1.3
A,1,0,31905.4,7.63
A,0,0,0.0,1.77
A,1,0,63541.42,5.83
A,0,0,0.0,1.63
A,0,0,0.0,1.39
A,1,0,62896.29,9.1
A,0,0,0.0,1.97
A,1,0,37505.88,9.08
A,1,0,57140.71,6.76
A,1,0,37651.42,8.26
A,1,0,101610.85,3.98
A,1,0,17690.7,5.44
A,1,0,28068.82,5.73
A,1,0,34089.36,6.58
A,0,0,0.0,1.33
A,0,0,0.0,1.54
A,1,0,35875.17,3.94
A,1,0,17834.41,4.21
A,1,0,55340.32,5.5
A,1,0,52969.91,5.04
A,1,0,13753.8,7.3
A,1,0,36246.49,9.32
A,1,0,16398.24,9.74
A,0,0,0.0,1.02
A,1,0,23123.29,8.87
A,1,0,54427.91,6.68
A,1,0,38500.06,4.46
A,1,0,19095.43,6.67
A,1,0,56389.2,6.89
A,0,0,0.0,1.18
A,1,0,42832.69,4.54
A,1,0,24173.07,5.58
A,0,0,0.0,1.65
A,0,0,0.0,2.0
A,0,0,0.0,1.94
A,1,0,70861.64,8.29
A,0,0,0.0,1.89
A,1,0,42328.9,4.86
A,1,0,29176.86,7.0
A,1,0,39775.04,9.26
A,1,0,45240.28,6.33
A,1,0,34573.58,9.62
A,1,0,14737.12,4.5
A,0,0,0.0,1.73
A,0,0,0.0,1.94
A,0,0,0.0,1.61
A,1,0,19106.93,9.95
A,0,0,0.0,1.76
A,1,0,46431.01,9.56
A,0,0,0.0,1.05
A,1,1,20567.83,8.91
A,0,0,0.0,1.35
A,1,0,69653.99,5.68
A,0,0,0.0,1.06
A,0,0,0.0,1.18
A,1,0,46856.48,6.77
A,1,0,24168.39,6.12
A,0,0,0.0,1.14
A,1,0,71424.79,6.29
A,0,0,0.0,1.59
A,1,0,26520.28,9.17
A,1,0,9807.8,6.11
A,1,0,17312.94,7.12
A,1,0,18587.88,3.97
A,0,0,0.0,1.4
A,1,0,30849.73,4.72
A,1,1,18533.45,7.93
A,1,0,31552.81,3.69
A,1,0,46754.63,9.36
A,0,0,0.0,1.43
A,0,0,0.0,1.39
A,1,0,34059.64,4.27
B,1,0,27477.17,2.6
B,0,0,0.0,0.68
B,0,0,0.0,1.04
B,1,0,71263.83,7.98
B,1,0,29900.73,3.17
B,1,0,34109.25,5.49
B,1,0,80512.15,6.85
B,1,1,23420.52,3.61
B,1,1,28312.04,5.17
B,1,0,27750.02,5.84
B,1,0,87262.22,3.38
B,0,0,0.0,0.85
B,1,0,57569.62,4.15
B,0,0,0.0,0.74
B,0,0,0.0,0.6
B,0,0,0.0,1.32
B,0,0,0.0,0.59
B,1,0,60445.23,7.34
B,1,0,38152.56,5.16
B,1,1,35289.63,4.48
B,1,0,89166.46,4.29
B,0,0,0.0,0.81
B,0,0,0.0,1.07
B,1,0,45367.78,6.93
B,1,0,26709.75,4.21
B,1,0,30333.12,3.55
B,1,0,42168.27,5.12
B,1,0,29711.22,2.88
B,1,0,23586.23,6.36
B,0,0,0.0,0.54
B,1,0,30898.48,5.23
B,0,0,0.0,1.26
B,1,0,46265.14,7.48
B,0,0,0.0,1.28
B,1,0,80529.89,7.28
B,0,0,0.0,1.41
B,1,1,45505.12,7.34
B,1,0,45167.65,6.51
B,1,0,39103.13,3.07
B,0,0,0.0,0.81
B,1,1,60961.17,6.25
B,1,0,57347.53,2.68
B,1,1,29019.61,3.24
B,1,0,56364.45,6.0
B,0,0,0.0,1.16
B,1,0,21705.18,6.61
B,1,0,26638.53,6.46
B,0,0,0.0,0.74
B,0,0,0.0,0.93
B,0,0,0.0,0.71
B,1,0,26580.46,3.93
B,1,1,31338.76,7.52
B,1,0,32423.86,2.6
B,0,0,0.0,0.54
B,1,0,17395.26,6.51
B,1,0,69369.76,4.85
B,1,0,63953.03,2.64
B,1,0,21781.96,2.86
B,0,0,0.0,0.79
B,1,0,26027.93,7.81
B,1,0,35399.31,5.54
B,0,0,0.0,1.32
B,1,0,32683.96,4.25
B,1,0,104968.4,3.91
B,0,0,0.0,1.11
B,0,0,0.0,1.34
B,1,0,27832.53,4.97
B,1,0,66238.22,3.59
B,1,0,18160.26,2.98
B,1,0,27831.98,6.45
B,0,0,0.0,0.69
B,1,0,45121.47,7.65
B,1,0,44007.82,5.9
B,1,1,111684.17,2.79
B,1,0,45172.65,6.57
B,1,1,28568.8,3.11
B,0,0,0.0,0.71
B,1,0,23271.68,6.79
B,1,0,73339.14,6.49
B,1,0,52880.48,7.74
B,1,0,68852.29,6.56
B,1,0,71842.56,6.31
B,1,0,32898.38,3.94
B,1,0,25502.17,7.59
B,1,0,39150.86,3.49
B,1,1,26398.82,7.48
B,0,0,0.0,1.19
B,1,0,69106.67,3.22
B,1,0,37022.94,7.05
B,0,0,0.0,1.42
B,1,0,38367.04,7.08
B,0,0,0.0,0.93
B,1,0,29128.27,7.37
B,0,0,0.0,0.95
B,0,0,0.0,0.82
B,0,0,0.0,0.58
B,1,0,49724.83,2.83
B,1,0,29516.05,7.07
B,1,0,23276.38,3.44
B,1,0,50886.8,4.55
B,0,0,0.0,1.38
B,1,0,37783.19,5.15
B,1,0,96257.52,3.59
B,1,0,25477.12,3.27
B,1,1,94091.01,3.18
B,0,0,0.0,0.69
B,0,0,0.0,0.88
B,1,0,36826.86,7.87
B,1,0,63612.04,3.59
B,1,0,33683.84,3.11
B,1,0,19773.67,5.67
B,0,0,0.0,1.03
B,0,0,0.0,1.45
B,1,0,50821.3,7.18
B,1,0,58176.22,2.76
B,1,0,24172.97,6.9
B,1,0,28601.49,4.67
B,1,0,57710.15,3.38
B,1,0,26575.76,3.47
B,1,0,23874.45,7.55
B,1,0,22793.44,3.11
B,1,0,47523.45,7.27
B,0,0,0.0,0.58
B,0,0,0.0,0.56
B,1,0,40232.93,5.05
B,1,0,83535.21,7.0
B,1,0,25145.92,6.49
B,1,0,15727.46,5.19
B,1,0,49932.94,7.23
B,0,0,0.0,1.03
B,1,0,28543.6,7.5
B,1,0,54885.17,7.16
B,1,0,60043.71,6.4
B,0,0,0.0,1.01
B,0,0,0.0,0.94
B,1,0,122077.06,6.21
B,1,0,53105.42,5.58
B,1,1,55521.73,4.45
B,1,0,70473.3,5.63
B,1,0,40465.01,3.92
B,1,0,58830.07,4.92
B,1,0,56651.28,4.04
B,1,0,51986.53,3.18
B,1,0,34387.01,4.27
B,0,0,0.0,1.19
B,1,0,30260.14,4.6
B,1,1,40382.46,6.61
B,1,0,22905.32,3.46
B,1,0,27460.41,4.83
B,1,0,35048.57,3.13
B,1,1,25514.99,3.26
B,1,0,31495.24,5.9
B,1,0,37097.9,5.84
B,1,0,48683.04,3.67
B,1,0,63300.18,5.11
B,0,0,0.0,1.0
B,1,0,76179.69,3.46
B,1,0,62977.53,2.61
B,1,0,51121.74,6.09
B,0,0,0.0,0.56
B,1,0,46778.45,7.89
B,0,0,0.0,0.58
B,0,0,0.0,0.68
B,1,0,76173.92,4.86
B,1,0,40938.94,5.65
B,1,0,52385.45,3.0
B,0,0,0.0,1.35
B,1,0,29750.95,5.94
B,1,0,34446.4,3.51
B,1,0,40444.97,5.59
B,1,1,61809.19,3.23
B,1,0,62272.96,2.6
B,1,0,35924.87,5.97
B,1,0,19455.16,6.07
B,1,0,45169.09,5.71
B,1,0,25827.84,3.51
B,0,0,0.0,0.7
B,1,0,21880.29,2.81
B,0,0,0.0,0.77
B,1,0,77133.88,5.55
B,1,0,40891.17,6.1
B,0,0,0.0,1.26
B,1,0,70812.41,7.18
B,0,0,0.0,1.43
B,0,0,0.0,0.76
B,1,0,39912.18,6.75
B,1,1,52665.06,7.76
B,1,0,31822.46,7.27
B,1,0,27102.74,6.5
B,1,0,42935.07,2.91
B,1,0,88575.61,2.77
B,1,1,60671.96,7.11
B,1,0,31454.82,5.19
B,0,0,0.0,1.05
B,0,0,0.0,0.5
B,1,0,75487.91,4.69
B,0,0,0.0,1.25
B,1,1,34329.27,7.53
B,1,0,75673.35,2.98
B,1,0,18496.32,7.24
B,1,0,82148.75,6.86
B,1,0,35534.26,4.24
B,0,0,0.0,0.71
B,0,0,0.0,1.06
B,1,1,28371.87,2.59
B,0,0,0.0,1.11
B,1,1,29404.31,3.03
B,1,0,16033.12,3.57
B,0,0,0.0,1.12
B,1,0,20928.32,5.64
B,1,0,44270.49,5.98
B,1,0,22701.3,3.53
B,1,0,31753.36,7.06
B,1,0,43811.08,7.27
B,1,0,36243.66,5.38
B,1,0,45261.25,7.52
B,1,1,55633.33,7.15
B,1,0,23021.68,6.52
B,1,0,38913.21,6.54
B,0,0,0.0,1.23
B,1,0,45194.02,3.99
B,1,0,34738.69,2.87
B,1,0,25032.85,2.55
B,1,0,46702.14,3.37
B,1,1,70466.65,7.34
B,1,1,31936.71,3.82
B,0,0,0.0,1.09
B,1,0,43443.31,5.79
B,1,0,21139.72,3.8
B,1,0,29231.93,5.23
B,1,0,72168.07,3.71
B,1,0,41350.76,7.91
B,1,0,16282.66,7.16
B,0,0,0.0,0.54
B,1,0,43382.05,7.71
B,0,0,0.0,0.61
B,1,0,18463.33,2.95
B,1,0,49804.57,6.19
B,1,0,76005.8,6.06
B,1,0,99326.96,3.7
B,0,0,0.0,1.26
B,1,0,51188.25,2.98
B,1,0,14415.68,5.19
B,0,0,0.0,0.6
B,0,0,0.0,1.44
B,0,0,0.0,0.84
B,0,0,0.0,1.5
B,1,0,82917.65,4.38
B,0,0,0.0,1.28
B,1,0,42625.0,6.72
B,0,0,0.0,1.04
B,0,0,0.0,0.59
B,1,0,24388.28,7.68
B,0,0,0.0,1.29
B,1,0,29773.64,3.67
B,1,0,83872.64,4.48
B,1,1,74854.37,5.12
B,0,0,0.0,1.02
B,1,0,96558.84,6.18
B,1,1,117186.98,5.55
B,1,0,36896.91,4.43
B,0,0,0.0,1.43
B,1,0,16401.87,2.95
B,0,0,0.0,1.36
B,0,0,0.0,1.36
B,1,0,69204.26,2.83
B,1,0,28118.91,6.38
B,0,0,0.0,1.14
B,0,0,0.0,0.95
B,0,0,0.0,0.58
B,1,0,36312.49,3.49
B,0,0,0.0,1.49
B,1,0,53435.14,3.79
B,1,0,39156.84,7.79
B,0,0,0.0,1.34
B,1,0,34902.36,4.13
B,0,0,0.0,1.07
B,1,0,30329.95,6.57
B,0,0,0.0,0.93
B,1,0,44715.79,4.58
B,1,0,15487.59,3.6
B,0,0,0.0,0.93
B,1,0,42045.0,5.35
B,1,0,97323.12,7.43
B,0,0,0.0,0.55
B,1,1,25785.7,7.23
B,0,0,0.0,1.29
B,1,0,39539.01,7.9
B,1,0,73001.72,7.52
B,0,0,0.0,1.24
B,1,0,12693.96,6.76
B,1,0,20413.52,6.64
B,1,0,8432.43,7.46
B,0,0,0.0,1.06
B,1,0,44488.05,5.06
B,1,0,25749.51,7.26
B,1,0,49874.22,6.78
B,1,1,43953.18,4.66
B,1,0,54070.72,7.15
B,1,0,71723.6,2.76
B,1,0,34920.8,6.8
B,1,0,26309.28,3.64
B,1,0,59714.62,4.07
B,1,0,58989.79,5.21
B,1,0,42123.17,4.97
B,0,0,0.0,1.43
B,1,0,32527.64,5.5
B,1,0,26057.69,4.32
B,1,0,49054.34,3.46
B,1,0,29028.4,6.73
B,0,0,0.0,0.99
B,0,0,0.0,0.66
B,1,0,33119.71,6.05
B,1,0,99469.21,7.5
B,1,0,33034.84,6.39
B,1,0,27352.17,2.75
B,0,0,0.0,0.7
B,1,0,24233.71,7.94
B,1,0,28778.6,5.1
B,1,0,52931.26,7.83
B,0,0,0.0,0.89
B,1,1,72101.39,5.03
B,0,0,0.0,1.26
B,1,0,53427.68,6.12
B,1,0,32088.98,3.76
B,1,0,30009.98,3.08
B,1,1,71506.39,2.65
B,1,1,30829.09,4.11
B,1,0,45868.7,4.68
B,1,1,43246.78,5.54
B,1,0,24005.49,4.11
B,0,0,0.0,1.03
B,1,0,52519.24,4.1
B,0,0,0.0,1.26
B,1,0,45851.45,3.07
B,1,0,27694.05,3.93
B,1,1,67954.67,2.77
B,0,0,0.0,1.46
B,0,0,0.0,0.89
B,0,0,0.0,1.4
B,1,0,41195.46,4.52
B,1,0,57885.37,2.59
B,1,0,19363.74,7.12
B,0,0,0.0,0.58
B,1,0,51640.91,2.85
B,1,0,77085.06,4.51
B,1,0,61061.41,7.75
B,1,0,39911.79,4.66
B,1,0,21667.85,5.39
B,0,0,0.0,1.11
B,1,0,86076.39,5.78
B,0,0,0.0,0.96
B,0,0,0.0,1.49
B,1,0,10375.62,6.76
B,1,0,36239.64,4.72
B,1,0,34958.0,5.22
B,0,0,0.0,1.22
B,1,0,51725.12,7.92
B,1,0,61119.24,6.39
B,1,0,64559.58,4.97
B,1,0,49708.96,2.57
B,1,0,16909.49,5.36
B,1,0,34071.76,7.91
B,0,0,0.0,0.66
B,0,0,0.0,0.75
B,1,0,47884.8,2.62
B,1,0,47693.64,4.45
B,0,0,0.0,1.08
B,1,1,12786.0,7.98
B,0,0,0.0,0.56
B,1,0,39411.44,6.51
B,1,0,74244.41,5.57
B,1,0,41063.83,5.75
B,1,0,18209.06,5.46
B,0,0,0.0,0.85
B,1,0,27286.96,4.8
B,1,0,22380.45,6.18
B,1,0,26892.53,3.17
B,0,0,0.0,1.12
B,1,0,73438.63,7.1
B,0,0,0.0,0.81
B,1,0,54359.31,5.46
B,1,0,50365.5,2.67
B,0,0,0.0,0.98
B,1,0,56079.56,6.36
B,1,1,12568.99,4.78
B,1,0,42333.01,5.79
B,1,0,24304.97,4.86
B,1,0,70136.12,5.06
B,1,0,37397.74,7.38
B,1,1,40735.49,3.39
B,1,0,19488.22,3.07
B,1,1,65387.01,2.52
B,1,0,54236.94,4.23
B,0,0,0.0,1.25
B,0,0,0.0,0.91
B,1,0,27685.19,2.56
B,1,0,44682.08,3.75
B,0,0,0.0,0.94
B,1,0,49451.55,2.67
B,1,0,14225.08,5.84
B,0,0,0.0,0.85
B,1,0,95076.93,3.03
B,1,1,49560.69,5.77
B,0,0,0.0,0.59
B,1,1,104079.34,7.69
B,1,0,13078.73,2.51
B,1,0,27136.93,6.87
B,1,0,33104.91,4.44
B,0,0,0.0,0.91
B,1,0,61102.93,4.13
B,1,0,26484.55,4.27
B,0,0,0.0,1.2
B,1,0,33070.9,6.14
B,1,0,71796.21,6.62
B,1,0,24448.68,3.85
B,1,0,37828.21,4.27
B,1,0,31720.54,4.2
B,0,0,0.0,1.28
B,0,0,0.0,1.15
B,1,0,39325.35,6.78
B,1,0,51188.46,7.86
B,1,0,52141.9,6.31
B,1,0,61435.14,4.73
B,1,0,44415.33,4.64
B,0,0,0.0,1.14
B,1,0,33933.05,4.79
B,1,1,40632.47,7.06
B,1,0,45243.05,5.06
B,1,1,37397.44,4.13
B,1,0,40506.5,6.76
B,1,0,19374.6,7.2
B,1,0,55289.07,4.81
B,1,0,43780.07,6.17
B,1,1,64919.14,2.82
B,1,0,40137.93,5.41
B,1,0,17423.4,2.75
B,0,0,0.0,0.57
B,1,0,36462.28,5.87
B,1,0,57330.82,4.17
B,1,0,14857.63,6.58
B,0,0,0.0,1.48
B,1,0,51357.39,3.27
B,1,0,29216.41,6.48
B,1,0,41598.59,5.33
B,1,0,29703.57,3.12
B,1,0,28277.03,6.08
B,1,0,32989.96,5.85
B,0,0,0.0,1.33
B,1,0,55722.36,7.6
B,1,0,28204.11,5.37
B,1,0,26019.54,7.95
B,1,0,93770.52,5.3
B,1,0,63650.04,3.14
B,0,0,0.0,0.52
B,0,0,0.0,1.08
B,1,0,45088.49,5.78
B,1,0,46882.63,6.31
B,1,0,19625.08,5.08
B,1,1,69990.26,3.04
B,1,0,59641.55,5.08
B,0,0,0.0,1.22
B,0,0,0.0,1.08
B,1,0,49866.22,6.85
B,1,0,49777.52,7.79
B,1,0,84769.07,3.32
B,1,0,68089.98,5.43
B,1,0,26797.84,5.62
B,1,0,54389.9,7.57
B,1,0,29177.45,5.95
B,1,0,51123.23,3.3
B,1,0,50451.84,4.9
B,0,0,0.0,1.14
B,1,0,37854.84,6.35
B,1,0,45584.52,7.25
B,1,0,32551.56,3.49
B,1,0,46679.52,7.73
B,1,0,59090.82,2.83
B,1,0,39549.78,7.91
B,1,0,44703.53,7.22
B,1,0,77967.2,6.13
B,0,0,0.0,0.51
B,1,0,44196.27,2.9
B,1,1,25339.56,2.73
B,1,0,55386.57,3.06
B,1,0,47026.76,2.98
B,0,0,0.0,1.31
B,1,0,41048.18,3.68
B,1,0,16784.18,7.23
B,1,0,17746.47,4.95
B,1,0,57132.41,6.33
B,0,0,0.0,1.45
B,1,0,49496.07,4.26
B,1,0,42396.95,3.84
B,0,0,0.0,0.91
B,0,0,0.0,0.75
B,1,1,26492.4,5.72
B,1,0,39832.03,3.89
B,1,0,30316.37,7.0
B,1,0,33567.61,2.8
B,0,0,0.0,1.29
B,1,0,35996.87,4.92
B,1,0,62482.59,6.52
B,0,0,0.0,1.06
B,1,0,65603.03,6.63
B,1,0,83966.26,4.93
B,0,0,0.0,1.44
B,0,0,0.0,1.3
B,0,0,0.0,1.23
B,1,0,60801.65,2.91
B,0,0,0.0,1.11
B,1,0,64382.27,4.11
B,1,0,53893.8,2.77
B,0,0,0.0,1.37
B,1,0,61698.1,5.16
B,0,0,0.0,0.71
B,1,0,38141.44,6.44
B,1,1,31933.93,7.37
B,0,0,0.0,0.66
B,1,0,64750.85,6.28
B,1,0,61493.77,6.72
B,1,0,47554.37,3.65
B,0,0,0.0,0.97
B,1,1,73896.04,2.99
B,1,0,37347.31,6.61
B,1,0,23496.3,7.16
B,0,0,0.0,0.76
B,0,0,0.0,0.53
B,0,0,0.0,0.63
B,1,0,16946.64,4.41
B,1,0,52797.33,6.3
B,1,1,18429.4,2.5
B,1,0,27997.65,7.62
B,1,0,53228.74,5.53
B,0,0,0.0,0.6
B,0,0,0.0,0.8
B,1,0,37631.86,5.59
B,1,0,26400.93,7.21
B,0,0,0.0,0.66
B,1,0,45605.49,7.49
B,1,0,31546.24,5.7
B,1,0,35695.39,3.44
B,1,0,19869.49,7.52
B,0,0,0.0,0.9
B,1,0,51268.51,6.35
B,1,0,58723.46,7.92
B,1,0,74563.33,2.91
B,0,0,0.0,1.13
B,1,0,33791.71,3.82
B,1,0,16162.99,5.97
B,0,0,0.0,0.89
B,0,0,0.0,1.2
B,0,0,0.0,1.08
B,0,0,0.0,0.58
B,1,1,64748.54,7.54
B,1,0,97894.3,6.26
B,1,0,38990.19,3.84
B,1,1,24705.39,5.84
B,0,0,0.0,1.34
B,0,0,0.0,0.68
B,0,0,0.0,1.4
B,1,0,59519.8,7.38
B,0,0,0.0,1.22
B,0,0,0.0,1.31
B,1,0,51701.02,7.74
B,0,0,0.0,0.9
B,1,0,18092.37,3.55
B,1,0,41882.99,4.81
B,1,0,129220.16,5.74
B,1,0,21145.71,5.82
B,1,0,38522.55,4.11
B,1,0,101929.65,7.56
B,0,0,0.0,0.72
B,1,0,31368.82,4.66
B,0,0,0.0,0.76
B,1,1,40094.18,6.36
B,1,0,28027.05,6.15
B,1,0,38729.58,4.6
B,1,0,35088.06,4.78
B,1,0,42366.77,4.41
B,1,1,28022.87,3.79
B,1,0,21746.83,5.02
B,1,0,39347.4,6.28
B,0,0,0.0,1.47
B,1,1,41750.11,6.78
B,1,0,34229.22,4.56
B,1,0,57639.37,6.71
B,1,0,37197.86,2.54
B,1,0,98386.2,5.12
B,0,0,0.0,1.36
B,0,0,0.0,1.46
B,1,0,27939.31,5.11
B,1,0,51097.09,6.05
B,1,0,45800.25,7.49
B,0,0,0.0,1.37
B,1,0,31544.56,6.9
B,1,0,29547.24,7.89
B,0,0,0.0,1.15
B,0,0,0.0,0.81
B,0,0,0.0,0.74
B,0,0,0.0,0.99
B,0,0,0.0,0.72
B,1,0,42078.51,6.88
B,1,0,36453.27,4.91
B,0,0,0.0,1.34
B,1,0,146540.84,3.99
B,0,0,0.0,1.31
B,1,0,54706.76,4.8
B,1,0,49525.91,5.17
B,1,0,35378.09,6.91
B,1,0,74691.0,4.13
B,1,0,34899.97,3.03
B,1,0,66597.76,5.36
B,1,0,34186.31,5.41
B,0,0,0.0,0.65
B,1,1,47829.13,7.83
B,1,0,23617.88,2.8
B,1,0,51901.73,5.75
B,1,0,22624.84,6.25
B,0,0,0.0,1.16
B,0,0,0.0,0.52
B,0,0,0.0,0.75
B,0,0,0.0,0.94
B,1,0,40324.34,3.39
B,0,0,0.0,0.67
B,0,0,0.0,1.26
B,0,0,0.0,0.86
B,1,0,34466.06,5.99
B,0,0,0.0,0.6
B,1,0,62219.75,4.86
B,0,0,0.0,0.79
B,1,0,45047.77,3.29
B,1,0,34686.89,3.39
B,1,0,25935.48,3.4
B,1,0,72680.8,7.4
B,1,0,75347.03,2.92
B,0,0,0.0,0.51
B,1,0,37278.91,3.78
B,1,1,37464.79,5.08
B,1,0,39510.64,7.54
B,1,0,41392.77,5.72
B,1,0,63227.43,3.66
B,1,0,28038.55,4.06
B,1,0,26735.66,7.56
B,1,0,72662.26,4.85
B,1,0,32142.37,5.73
B,1,0,21889.08,5.03
B,1,0,31797.33,4.58
B,0,0,0.0,0.81
B,1,0,84658.61,6.27
B,1,0,62562.2,6.45
B,1,0,69620.19,4.01
B,1,0,59491.42,6.84
B,1,1,63208.68,7.2
B,1,0,28845.83,7.56
B,1,0,36485.53,3.39
B,1,0,24955.28,4.17
B,1,0,36277.96,7.23
B,1,0,55735.38,3.59
B,0,0,0.0,0.94
B,1,0,75320.74,7.29
B,1,0,23204.94,4.3
B,0,0,0.0,0.83
B,0,0,0.0,1.35
B,1,0,41990.75,7.17
B,0,0,0.0,0.54
B,1,1,36208.12,7.41
B,1,0,52288.97,5.89
B,1,0,25319.46,5.4
B,1,0,18059.53,4.29
B,1,0,52437.34,3.84
B,1,0,92700.11,5.93
B,1,0,24881.96,4.96
B,1,1,72160.87,7.51
B,1,0,40980.16,5.2
B,1,0,21138.85,5.31
B,1,1,23315.59,4.79
B,1,0,40440.08,6.84
B,0,0,0.0,1.4
B,1,0,21371.25,3.98
B,1,0,17798.35,7.24
B,0,0,0.0,1.23
B,1,1,44047.7,5.75
B,0,0,0.0,1.25
B,1,0,31552.43,6.45
B,1,0,44218.82,4.22
B,1,0,66119.09,2.69
B,1,0,48493.29,6.96
B,1,0,37864.6,3.21
B,0,0,0.0,1.38
B,0,0,0.0,1.39
B,1,0,36027.53,4.56
B,0,0,0.0,0.96
B,1,0,22164.84,5.37
B,1,0,32809.07,6.09
B,1,1,14824.25,3.44
B,0,0,0.0,1.15
B,1,0,25592.16,7.62
B,1,0,85934.0,4.93
B,0,0,0.0,1.13
B,1,1,52634.91,7.6
B,1,0,31741.37,7.86
B,1,0,44347.26,7.44
B,1,0,54843.28,4.25
B,1,0,55214.74,7.79
B,0,0,0.0,0.93
B,1,1,33630.89,7.1
B,1,0,31870.22,2.58
B,1,0,18672.28,7.75
B,1,0,51593.2,6.78
B,1,0,67476.98,6.72
B,0,0,0.0,0.56
B,1,1,46466.31,3.78
B,1,0,27780.5,7.79
B,1,0,17772.26,5.25
B,1,1,66171.16,4.69
B,0,0,0.0,0.91
B,0,0,0.0,1.43
B,1,0,36038.13,4.79
B,0,0,0.0,0.59
B,1,0,40830.53,4.42
B,1,0,42886.43,4.19
B,1,0,12589.59,3.66
B,1,0,40418.17,3.45
B,0,0,0.0,1.34
B,1,0,57037.53,7.56
B,1,0,30746.76,5.3
B,0,0,0.0,0.66
B,1,0,27151.34,3.38
B,0,0,0.0,1.09
B,1,0,71078.19,7.84
B,1,0,44107.54,4.42
B,0,0,0.0,1.22
B,1,0,70755.56,5.81
B,0,0,0.0,1.12
B,1,0,57642.2,5.0
B,0,0,0.0,0.76
B,1,0,21644.24,6.44
B,1,0,81391.99,7.78
B,0,0,0.0,1.12
B,1,0,62338.59,7.99
B,0,0,0.0,0.68
B,0,0,0.0,1.49
B,0,0,0.0,0.92
B,0,0,0.0,0.6
B,1,0,35487.98,6.34
B,1,0,53799.06,4.68
B,1,0,34265.34,3.19
B,1,0,96064.37,5.19
B,1,0,44013.53,5.37
B,1,0,34417.44,3.61
B,1,0,30966.55,7.65
B,1,0,25647.07,3.75
B,1,0,29693.33,4.75
B,0,0,0.0,0.87
B,1,0,31759.06,5.45
B,1,0,29262.9,4.19
B,0,0,0.0,0.94
B,1,0,24478.6,3.74
B,0,0,0.0,1.11
B,1,0,53338.31,6.79
B,1,0,54309.36,6.03
B,1,0,39021.52,4.37
B,0,0,0.0,1.19
B,1,0,49848.46,7.26
B,0,0,0.0,1.24
B,1,0,35443.66,7.62
B,1,0,18964.01,5.13
B,1,0,32061.03,4.37
B,1,0,23147.82,6.58
B,1,0,29136.98,7.32
B,0,0,0.0,0.81
B,1,0,47676.47,4.74
B,1,0,94335.92,4.88
B,1,0,31009.38,7.57
B,0,0,0.0,1.35
B,0,0,0.0,0.77
B,0,0,0.0,1.09
B,0,0,0.0,0.78
B,0,0,0.0,0.61
B,0,0,0.0,1.18
B,1,0,46602.32,6.12
B,1,0,31142.96,3.14
B,1,0,25070.56,4.63
B,1,0,21841.4,5.94
B,1,0,43358.94,4.1
B,1,1,82759.96,2.86
B,1,0,32985.96,2.95
B,0,0,0.0,1.35
B,1,0,38212.28,7.1
B,0,0,0.0,1.16
B,0,0,0.0,0.92
B,0,0,0.0,1.23
B,0,0,0.0,1.22
B,0,0,0.0,1.13
B,1,0,61616.02,5.38
B,1,0,24151.16,5.15
B,1,0,48417.55,4.23
B,0,0,0.0,1.06
B,0,0,0.0,0.77
B,0,0,0.0,0.88
B,1,0,109557.77,7.69
B,1,1,52274.68,2.82
B,1,0,27768.93,6.57
B,1,0,23392.37,6.5
B,1,0,31637.19,7.71
B,1,0,56619.13,3.89
B,0,0,0.0,0.79
B,1,1,37497.87,2.8
B,1,0,93892.72,5.97
B,0,0,0.0,1.43
B,1,0,41713.7,6.73
B,1,0,115565.03,7.25
B,1,0,54362.66,4.51
B,1,0,42635.54,5.39
B,1,0,51184.17,3.15
B,1,1,33109.8,4.79
B,1,0,74893.55,4.48
B,1,0,33134.21,3.51
B,1,0,15671.4,7.42
B,0,0,0.0,1.34
B,1,0,25234.5,6.0
B,0,0,0.0,1.01
B,1,0,35441.53,7.52
B,1,0,71307.95,6.86
B,0,0,0.0,1.15
B,1,0,45540.96,7.0
B,1,0,40078.13,4.02
B,1,0,24142.96,7.57
B,1,0,14087.4,6.4
B,0,0,0.0,1.19
B,0,0,0.0,1.11
B,1,0,38101.15,5.71
B,1,0,31047.39,7.02
B,1,0,50159.39,7.24
B,0,0,0.0,1.46
B,0,0,0.0,1.09
B,0,0,0.0,0.8
B,1,0,63612.41,5.88
B,0,0,0.0,0.68
B,1,0,21605.86,3.09
B,1,0,55173.44,2.76
B,0,0,0.0,0.7
B,1,0,53695.47,4.62
B,0,0,0.0,0.58
B,1,0,49877.54,6.69
B,0,0,0.0,0.73
B,1,0,38693.65,5.73
B,1,0,62908.84,3.39
B,1,0,32013.88,2.58
B,1,0,58659.68,6.35
B,1,0,62998.96,5.53
B,1,0,47806.86,6.08
B,1,0,89432.42,6.97
B,1,0,26253.31,4.89
B,1,0,31765.43,3.18
B,1,0,44442.1,7.67
B,0,0,0.0,0.51
B,0,0,0.0,1.02
B,1,0,74396.51,7.63
B,1,0,29213.58,7.62
B,0,0,0.0,1.2
B,1,0,46532.28,4.14
B,1,0,38675.19,7.98
B,1,0,52082.0,6.24
B,1,0,39610.4,4.75
B,1,1,34091.06,5.58
B,1,0,38716.84,4.79
B,1,0,40694.47,7.39
B,1,0,34669.27,5.15
B,1,0,36406.28,7.03
B,1,0,33066.47,7.12
B,1,0,60548.46,7.03
B,1,1,44052.18,6.47
B,0,0,0.0,0.87
B,1,0,43353.3,4.63
B,1,0,30809.81,3.13
B,1,0,144628.57,7.13
B,1,0,48949.32,5.24
B,1,0,64554.16,3.2
B,1,0,53327.61,3.13
B,0,0,0.0,0.92
B,1,0,51902.07,6.63
B,0,0,0.0,1.48
B,1,0,47878.12,3.62
B,0,0,0.0,1.36
B,0,0,0.0,1.01
B,0,0,0.0,1.43
B,1,0,47647.51,5.19
B,1,0,47116.6,6.52
B,0,0,0.0,1.12
B,0,0,0.0,1.28
B,0,0,0.0,1.04
B,1,0,35408.89,2.69
B,0,0,0.0,0.85
B,1,0,67008.26,6.06
B,1,0,23145.23,4.88
B,1,0,19247.85,5.95
B,1,0,28313.47,3.18
B,0,0,0.0,0.89
B,1,0,71908.11,7.92
B,1,0,25748.67,3.79
B,1,0,46513.99,6.47
B,1,0,96812.08,4.89
B,1,1,48988.92,6.09
B,1,0,79405.39,3.63
B,1,0,64821.25,5.09
B,0,0,0.0,0.6
B,0,0,0.0,1.04
B,1,0,40809.99,6.0
B,1,0,42191.92,5.67
B,1,0,62307.55,5.61
B,0,0,0.0,0.93
B,1,0,9804.76,5.26
B,1,1,21371.99,2.59
B,1,0,14045.5,7.45
B,0,0,0.0,0.52
B,1,0,45045.76,3.46
B,1,0,45979.36,4.77
B,0,0,0.0,1.27
B,1,0,55469.53,7.89
B,0,0,0.0,0.64
B,1,0,21972.09,7.45
B,0,0,0.0,1.27
B,1,0,40132.3,7.53
B,0,0,0.0,1.39
B,1,0,90751.16,4.57
B,0,0,0.0,0.74
B,1,0,28271.28,5.03
B,1,0,61431.9,6.11
B,0,0,0.0,0.5
B,1,0,27766.81,2.63
B,1,0,14341.26,3.28
B,1,0,42156.47,4.92
B,0,0,0.0,0.5
B,1,0,42036.21,6.7
B,0,0,0.0,1.41
B,1,0,43543.55,7.55
B,1,0,12494.73,7.42
B,1,1,67657.35,7.5
B,1,0,51560.33,6.57
B,1,0,35109.99,3.09
B,1,0,52580.76,4.91
B,1,0,25097.52,3.22
B,0,0,0.0,0.99
B,1,0,58776.16,4.33
B,1,0,9088.28,5.72
B,1,0,32381.17,6.79
B,1,0,39700.97,7.56
B,1,0,36525.98,6.66
B,1,0,80773.88,6.21
B,0,0,0.0,0.79
B,1,0,29787.48,5.83
B,1,0,16000.62,3.02
B,1,0,82862.48,7.36
B,1,0,35659.85,5.49
B,1,0,32518.48,2.72
B,1,0,39136.4,7.56
B,1,0,54469.34,5.19
B,1,0,47416.92,7.28
B,1,0,143055.0,7.21
B,1,0,49905.64,6.99
B,1,0,32102.28,2.84
B,1,1,30654.93,3.86
B,1,0,33238.88,7.32
B,1,0,19518.51,7.44
B,1,0,40910.2,5.02
B,1,0,58458.05,4.92
B,1,0,29899.15,3.46
B,1,0,27240.43,7.83
B,1,0,83087.84,3.67
B,1,0,20237.41,3.55
B,1,0,14875.15,6.13
B,1,0,23077.35,3.84
B,1,0,19160.23,7.66
B,1,0,48309.74,2.56
B,1,1,33754.26,2.53
B,0,0,0.0,1.15
B,1,0,69801.33,5.18
B,1,0,28800.82,3.4
B,0,0,0.0,0.63
B,0,0,0.0,0.9
B,0,0,0.0,1.07
B,1,1,57169.22,2.55
B,0,0,0.0,0.62
B,1,1,62540.34,5.93
B,1,0,18876.73,3.34
B,1,0,18217.79,2.76
B,0,0,0.0,0.58
B,1,0,26194.8,3.79
B,1,0,31318.98,4.16
B,1,0,36120.91,3.85
B,1,0,56704.37,6.08
B,0,0,0.0,0.75
B,1,0,27025.78,2.93
B,1,0,33903.5,5.4
B,0,0,0.0,1.12
B,1,0,25634.06,2.95
B,1,0,18504.18,7.39
B,0,0,0.0,0.57
B,0,0,0.0,1.19
B,0,0,0.0,0.99
B,1,0,20035.28,7.96
B,1,0,30939.84,6.04
B,1,1,95817.01,5.62
B,1,0,25565.2,5.33
B,1,0,35827.25,2.63
B,1,0,22390.56,7.67
B,0,0,0.0,0.61
B,1,0,84348.24,3.0
B,1,0,43568.9,2.62
B,1,0,42794.54,2.78
B,1,0,17778.91,5.85
B,0,0,0.0,1.0
B,1,0,69951.86,5.25
B,1,0,69685.6,4.19
B,1,0,55315.03,5.42
B,1,0,23338.2,5.34
B,1,0,46643.98,2.61
B,0,0,0.0,0.88
B,1,0,16960.92,2.79
B,1,0,23430.31,7.45
B,1,0,61470.68,6.49
B,0,0,0.0,1.37
B,0,0,0.0,0.67
B,1,1,58783.14,7.33
B,1,0,42013.47,5.82
B,0,0,0.0,0.66
B,0,0,0.0,1.03
B,0,0,0.0,1.47
B,0,0,0.0,0.86
B,1,1,33906.41,3.79
B,1,0,40478.3,3.46
B,0,0,0.0,1.43
B,0,0,0.0,0.68
B,1,0,37883.44,6.62
B,1,0,25781.91,4.07
B,0,0,0.0,1.45
B,1,0,42652.87,4.61
B,0,0,0.0,0.8
B,1,0,21137.48,6.74
B,1,0,97428.77,5.74
B,1,0,46544.5,4.01
B,1,0,50206.45,7.66
B,1,0,38305.51,6.09
B,1,0,40507.58,7.84
B,1,0,37377.5,5.69
B,0,0,0.0,1.13
B,1,0,39982.39,6.97
B,1,0,57999.18,4.36
B,1,0,32589.75,7.8
B,1,0,44086.44,2.62
B,1,1,27285.71,6.73
B,1,1,71964.88,7.81
B,1,0,26897.84,4.36
B,1,0,34338.07,6.06
B,1,0,34503.6,5.59
B,1,1,33863.85,6.69
B,1,0,56771.97,7.26
B,0,0,0.0,0.56
B,0,0,0.0,1.39
B,0,0,0.0,0.63
B,0,0,0.0,0.57
B,1,0,27656.68,4.87
B,1,0,49122.23,6.23
B,1,0,39828.74,3.53
B,0,0,0.0,1.07
B,0,0,0.0,0.79
B,0,0,0.0,1.16
B,1,0,53184.77,2.7
B,0,0,0.0,0.83
B,1,0,42365.47,6.07
B,1,0,22609.46,7.68
B,0,0,0.0,0.89
B,1,0,38583.17,6.88
B,0,0,0.0,1.42
B,1,0,42124.54,6.21
B,0,0,0.0,0.71
B,1,0,44611.87,7.28
B,0,0,0.0,0.69
B,0,0,0.0,0.55
B,0,0,0.0,0.83
B,1,0,29480.77,7.27
B,0,0,0.0,1.42
B,1,0,34876.01,7.74
B,1,0,15448.44,4.29
B,1,1,62897.84,4.82
B,0,0,0.0,0.56
B,1,0,96975.36,3.86
B,0,0,0.0,1.47
B,0,0,0.0,1.0
B,1,0,59921.76,5.91
B,0,0,0.0,0.72
B,1,0,88112.97,6.8
B,0,0,0.0,0.84
B,1,0,37068.47,4.18
B,1,0,28468.08,4.97
B,1,0,51947.13,4.51
B,1,0,19088.37,7.91
B,1,0,58251.31,7.09
B,1,0,53218.47,5.14
B,1,0,53147.89,7.34
B,1,0,42888.03,4.41
B,1,0,83769.94,6.82
B,0,0,0.0,1.38
B,1,0,29989.51,6.75
B,0,0,0.0,0.58
B,1,0,26311.37,3.09
B,1,1,52292.91,4.0
B,1,0,24833.11,4.71
B,1,0,67509.81,6.62
B,1,0,75737.39,2.9
B,1,0,26319.68,6.13
B,0,0,0.0,1.41
B,0,0,0.0,0.6
B,1,0,61347.64,6.68
B,0,0,0.0,1.04
B,1,1,17871.52,5.73
B,1,0,34450.31,7.68
B,1,0,35323.79,5.86
B,0,0,0.0,1.3
B,0,0,0.0,1.06
B,0,0,0.0,0.71
B,1,0,35109.75,6.35
B,1,1,19121.75,7.54
B,1,0,159461.8,2.56
B,1,0,45604.67,7.29
B,1,0,42345.32,3.7
B,1,0,23694.43,5.01
B,1,0,45485.05,7.19
B,1,0,37092.77,7.03
B,1,0,16212.03,7.41
B,1,0,24011.24,7.67
B,1,0,58780.44,4.96
B,1,0,102040.85,6.11
B,1,1,47869.77,4.65
B,1,0,68150.92,4.43
B,1,0,37243.68,4.87
B,1,0,38501.71,6.59
B,1,0,67756.11,5.26
B,0,0,0.0,1.45
B,0,0,0.0,0.59
B,1,0,24056.14,2.61
B,1,1,38865.4,5.97
B,0,0,0.0,1.01
B,1,0,35431.43,5.01
B,1,0,48347.59,7.0
B,1,0,59508.64,5.51
B,1,0,64948.42,7.37
B,1,0,90148.87,6.42
B,0,0,0.0,1.06
B,0,0,0.0,0.78
B,1,0,47665.0,2.71
B,1,1,99134.15,2.65
B,1,0,31922.03,2.96
B,1,0,55808.78,4.91
B,1,0,56047.68,3.79
B,1,1,43997.68,7.91
B,1,0,40268.46,5.48
B,1,0,25764.53,6.14
B,1,0,13424.04,4.03
B,0,0,0.0,0.87
B,1,0,33278.07,4.35
B,0,0,0.0,0.87
B,1,1,38196.48,5.11
B,1,0,31284.17,5.35
B,1,0,26168.9,5.76
B,1,0,55009.81,6.73
B,1,0,77034.71,3.0
B,0,0,0.0,1.25
B,0,0,0.0,1.06
B,1,0,19765.75,6.18
B,1,0,33900.88,4.3
B,1,0,102201.95,4.75
B,1,0,68770.92,3.77
B,1,0,19187.2,7.89
B,1,0,39078.06,5.23
B,1,1,47776.41,7.98
B,1,0,27838.19,5.19
B,1,0,13247.74,3.71
B,1,0,42084.53,5.29
B,1,0,27498.21,2.72
B,0,0,0.0,1.0
B,1,1,33852.0,7.0
B,0,0,0.0,1.12
B,0,0,0.0,1.36
B,0,0,0.0,0.67
B,0,0,0.0,1.4
B,1,0,17265.0,4.03
B,0,0,0.0,0.53
B,1,0,10188.22,5.7
B,1,0,34928.02,7.87
B,0,0,0.0,0.58
B,0,0,0.0,1.08
B,0,0,0.0,1.42
B,0,0,0.0,0.51
B,0,0,0.0,1.13
B,1,0,37322.28,6.41
B,0,0,0.0,0.85
B,1,0,37920.99,2.5
B,0,0,0.0,0.55
B,0,0,0.0,1.25
B,0,0,0.0,0.5
B,1,0,46041.0,3.34
B,1,0,26701.33,6.17
B,1,0,81095.45,3.96
B,0,0,0.0,0.81
B,1,0,22247.79,7.67
B,1,0,13309.87,3.82
B,1,0,95273.0,3.02
B,0,0,0.0,1.02
B,0,0,0.0,1.38
B,0,0,0.0,1.42
B,1,0,52860.33,4.3
B,1,0,41667.52,6.3
B,1,0,45708.62,2.84
B,1,0,42262.25,7.22
B,0,0,0.0,1.45
B,1,1,39246.6,7.92
B,1,0,45767.31,7.65
B,1,0,42322.05,4.46
B,1,0,19745.27,4.7
B,0,0,0.0,0.96
B,1,0,67491.97,3.24
B,0,0,0.0,0.86
B,1,0,53139.09,3.15
B,1,0,23760.56,5.0
B,1,0,19789.17,5.54
B,1,0,26770.98,3.66
B,0,0,0.0,1.36
B,1,0,29165.23,6.46
B,1,0,74689.0,2.61
B,1,0,43746.69,7.85
B,1,1,97488.58,3.72
B,0,0,0.0,0.65
B,1,1,12606.6,4.89
B,1,0,66629.32,2.83
B,0,0,0.0,1.03
B,1,0,44831.05,5.34
B,1,0,27671.32,7.2
B,1,1,112251.96,6.53
B,1,0,80098.07,2.94
B,0,0,0.0,1.23
B,1,0,37754.82,4.22
B,0,0,0.0,1.43
B,1,0,60744.92,5.01
B,0,0,0.0,0.91
B,1,0,24539.77,5.33
B,1,0,28440.57,6.58
B,1,0,40048.59,6.26
B,1,0,72586.87,7.17
B,0,0,0.0,1.32
B,1,0,27688.18,6.65
B,1,0,54787.59,7.35
B,1,1,33331.14,3.44
B,1,0,61537.12,4.41
B,0,0,0.0,0.83
B,0,0,0.0,0.76
B,1,0,58969.2,4.05
B,0,0,0.0,0.91
B,0,0,0.0,1.12
B,1,0,40708.41,5.19
B,0,0,0.0,1.49
B,1,0,130907.54,4.04
B,1,0,34642.46,6.21
B,1,0,53193.35,6.78
B,1,0,15891.8,7.31
B,1,1,49382.84,3.35
B,1,0,69437.77,7.03
B,0,0,0.0,0.98
B,1,0,12029.21,4.85
B,1,0,39397.09,7.46
B,0,0,0.0,1.18
B,1,0,56815.02,3.58
B,1,1,105370.02,3.38
B,0,0,0.0,1.07
B,0,0,0.0,1.41
B,1,1,22922.62,7.98
B,1,0,44138.06,6.83
B,0,0,0.0,0.69
B,1,0,30886.84,6.61
B,1,0,58323.93,7.42
B,1,0,50180.63,2.92
B,1,0,40976.39,7.61
B,0,0,0.0,1.31
B,0,0,0.0,1.3
B,0,0,0.0,0.99
B,0,0,0.0,0.97
B,1,0,40645.52,6.55
B,1,0,43935.15,7.98
B,0,0,0.0,1.03
B,1,0,48300.36,4.6
B,1,0,38063.69,5.56
B,0,0,0.0,0.84
B,1,0,20453.89,3.58
B,1,0,30327.62,3.87
B,0,0,0.0,0.88
B,0,0,0.0,0.51
B,1,0,60649.85,7.48
B,0,0,0.0,1.13
B,1,0,44525.91,2.8
B,1,0,42444.45,2.94
B,0,0,0.0,1.15
B,0,0,0.0,1.26
B,1,0,56001.61,3.02
B,1,0,14604.97,4.64
B,1,0,71195.94,5.73
B,1,0,83542.26,5.68
B,1,0,31843.24,5.49
B,1,0,44962.79,4.36
B,1,0,26170.83,6.39
B,1,1,15752.88,7.05
B,1,0,28153.21,4.4
B,0,0,0.0,1.27
B,1,0,33849.23,4.13
B,1,0,25329.4,3.26
B,0,0,0.0,1.3
B,0,0,0.0,0.76
B,1,0,27730.58,5.05
B,1,0,52098.51,3.72
B,0,0,0.0,1.44
B,1,0,125817.3,2.65
B,0,0,0.0,1.14
B,1,0,45102.34,3.43
B,1,0,29800.28,2.51
B,1,0,46212.18,7.28
B,0,0,0.0,1.21
B,0,0,0.0,1.47
B,1,0,58465.44,6.15
B,1,0,20515.03,5.86
B,1,0,35692.22,5.1
B,1,0,52407.87,4.81
B,0,0,0.0,0.88
B,1,0,36343.04,3.85
B,0,0,0.0,0.73
B,1,0,26873.92,4.31
B,0,0,0.0,1.28
B,0,0,0.0,1.46
B,1,0,46756.87,7.17
B,1,0,48949.82,6.89
B,1,0,25454.85,7.93
B,1,0,41568.17,6.33
B,1,0,25935.72,6.63
B,1,0,78252.84,7.91
B,0,0,0.0,0.55
B,1,0,29323.06,5.99
B,0,0,0.0,1.03
B,0,0,0.0,0.79
B,0,0,0.0,0.76
B,1,1,52079.77,7.13
B,1,0,42930.63,7.7
B,1,0,29285.36,5.46
B,1,0,62047.39,2.54
B,1,0,27021.1,2.56
B,0,0,0.0,0.64
B,1,0,26401.99,4.89
B,1,0,29455.51,4.98
B,0,0,0.0,0.94
B,1,0,60756.97,7.55
B,1,0,53465.24,4.48
B,0,0,0.0,0.97
B,1,0,32388.9,7.47
B,1,0,43274.18,5.25
B,1,0,26698.03,4.96
B,0,0,0.0,0.76
B,1,0,12670.93,6.39
B,1,0,27617.5,4.31
B,1,0,31426.54,3.06
B,1,0,10248.71,3.96
B,1,0,20533.44,3.22
B,1,1,54183.89,4.12
B,1,0,40722.5,3.94
B,1,0,85400.33,6.01
B,1,0,84263.89,7.75
B,1,0,49407.73,6.27
B,1,0,46646.56,7.6
B,1,0,41425.29,6.81
B,1,0,11221.21,6.5
B,0,0,0.0,1.28
B,0,0,0.0,1.11
B,1,0,53943.49,7.15
B,1,1,46121.82,7.48
B,1,0,26150.32,4.99
B,1,0,62941.12,2.55
B,1,0,81762.43,6.86
B,1,1,62958.75,4.07
B,0,0,0.0,1.06
B,1,0,30686.3,6.93
B,1,0,67268.57,5.35
B,0,0,0.0,0.72
B,1,0,51305.16,7.53
B,1,0,47829.95,5.48
B,0,0,0.0,1.12
B,0,0,0.0,1.37
B,0,0,0.0,0.96
B,1,0,64450.04,6.88
B,1,0,32470.64,4.97
B,0,0,0.0,0.64
B,1,0,57170.53,3.02
B,0,0,0.0,1.42
B,1,0,78168.66,5.06
B,1,0,33837.93,6.09
B,0,0,0.0,0.63
B,1,0,49433.37,3.29
B,1,0,39830.35,5.29
B,1,0,26208.93,7.49
B,1,0,38470.04,3.38
B,1,0,36395.32,6.29
B,1,0,21938.92,5.77
B,1,0,36154.06,6.62
B,0,0,0.0,1.07
B,1,0,53171.41,7.68
B,0,0,0.0,0.55
B,1,0,22271.89,7.16
B,1,0,91300.15,3.86
B,1,0,37733.2,6.57
B,0,0,0.0,0.54
B,0,0,0.0,1.25
B,0,0,0.0,0.72
B,1,0,38590.69,6.12
B,1,0,33055.61,3.01
B,0,0,0.0,0.95
B,0,0,0.0,1.28
B,0,0,0.0,1.21
B,1,0,20138.87,6.15
B,0,0,0.0,1.44
B,1,0,22501.12,7.85
B,1,0,23073.39,7.28
B,1,0,71143.27,5.94
B,1,0,22601.17,7.0
B,0,0,0.0,0.76
B,0,0,0.0,0.79
B,0,0,0.0,1.18
B,1,0,36153.37,3.57
B,1,0,34511.22,4.77
B,1,0,44855.5,5.57
B,1,0,27964.6,6.43
B,0,0,0.0,1.39
B,1,0,19759.89,4.1
B,1,0,49689.05,5.85
B,1,0,54623.42,4.47
B,0,0,0.0,0.57
B,1,1,24553.45,6.08
B,1,0,65397.78,3.79
B,0,0,0.0,0.83
B,1,0,29995.46,5.96
B,0,0,0.0,0.97
B,1,0,40809.73,3.43
B,1,0,16938.95,4.3
B,0,0,0.0,1.3
B,1,0,31119.65,3.09
B,1,0,33079.75,5.51
B,1,0,45377.72,6.7
B,1,0,54178.36,5.67
B,1,0,102881.19,7.04
B,1,0,18090.95,3.2
B,0,0,0.0,1.08
B,0,0,0.0,1.29
B,1,0,37577.5,6.22
B,1,0,58564.93,6.33
B,1,0,62846.56,6.51
B,1,0,20674.53,6.08
B,1,0,92956.59,3.02
B,1,0,18992.4,6.32
B,1,0,23272.98,6.49
B,1,0,35395.57,7.96
B,1,0,101110.72,6.31
B,0,0,0.0,1.36
B,0,0,0.0,0.9
B,1,0,79809.49,7.27
B,0,0,0.0,1.06
B,1,0,22796.23,6.78
B,0,0,0.0,1.15
B,1,0,77495.88,2.93
B,0,0,0.0,1.2
B,1,0,101388.6,6.4
B,1,0,57194.26,6.77
B,1,0,29451.25,3.19
B,1,0,41130.97,6.1
B,1,0,26647.62,4.13
B,1,0,29119.17,6.68
B,0,0,0.0,0.88
B,1,0,65443.32,6.26
B,1,0,60677.43,4.12
B,1,0,29758.6,2.55
B,0,0,0.0,1.39
B,0,0,0.0,1.01
B,0,0,0.0,1.14
B,1,0,96750.89,7.59
B,1,0,19732.79,7.83
B,1,0,23559.33,3.8
B,1,0,24789.66,6.95
B,1,0,25512.11,4.44
B,1,0,46875.81,7.45
B,1,0,30574.89,6.83
B,1,0,108537.1,2.91
B,1,0,100132.18,4.74
B,0,0,0.0,0.91
B,1,1,102596.24,6.82
B,0,0,0.0,0.89
B,1,1,32327.09,6.27
B,1,0,15299.52,5.81
B,1,0,36147.94,7.87
B,0,0,0.0,1.43
B,1,0,44316.96,4.85
B,0,0,0.0,1.4
B,1,0,41367.4,7.06
B,1,0,51604.73,7.44
B,0,0,0.0,1.4
B,1,0,48896.1,4.16
B,0,0,0.0,1.43
B,1,0,44178.41,4.89
B,1,0,63548.38,3.43
B,0,0,0.0,0.56
B,0,0,0.0,0.85
B,1,0,37915.06,5.24
B,0,0,0.0,0.9
B,1,0,61816.04,2.87
B,0,0,0.0,0.98
B,1,0,30742.7,7.66
B,1,0,28545.05,5.9
B,1,0,67791.13,7.35
B,1,0,31685.89,3.22
B,1,0,50052.2,6.89
B,1,0,103604.75,3.16
B,1,0,38719.06,4.74
B,0,0,0.0,0.97
B,1,0,89522.92,5.72
B,1,0,65712.99,4.16
B,1,0,39812.47,6.01
B,0,0,0.0,1.47
B,1,0,21634.8,7.23
B,1,0,27600.23,5.99
B,1,0,30024.11,3.68
B,1,0,117652.87,4.35
B,1,0,27172.47,7.16
B,1,0,26978.92,4.63
B,1,0,24316.68,5.45
B,1,0,52507.41,6.07
B,1,1,42978.63,4.41
B,1,0,67619.0,4.12
B,1,0,55392.79,5.11
B,0,0,0.0,1.34
B,0,0,0.0,1.4
B,1,0,77292.93,2.84
B,1,0,36403.38,4.17
B,1,1,70972.24,4.26
B,1,0,37352.43,7.79
B,1,0,25223.34,5.74
B,1,0,34697.91,6.83
B,0,0,0.0,1.26
B,0,0,0.0,1.34
B,1,0,44198.42,6.98
B,1,0,51306.38,5.93
B,0,0,0.0,1.26
B,0,0,0.0,1.29
B,0,0,0.0,0.65
B,1,0,29400.32,7.14
B,1,0,42774.12,2.83
B,1,0,30815.81,5.78
B,1,0,77919.09,6.44
B,1,0,70988.25,7.88
B,1,0,70776.17,6.94
B,0,0,0.0,1.36
B,0,0,0.0,0.81
B,1,0,41746.64,6.7
B,0,0,0.0,0.73
B,1,0,29964.39,7.01
B,0,0,0.0,0.59
B,1,0,39342.92,3.04
B,1,0,33058.92,3.08
B,1,0,55848.98,6.88
B,1,1,55229.41,3.89
B,1,0,68076.27,2.82
B,1,0,21928.41,4.71
B,0,0,0.0,1.19
B,1,0,28305.64,3.2
B,1,0,22341.5,6.2
B,1,0,32671.91,2.52
B,1,0,67035.55,3.1
B,1,0,33566.61,4.43
B,0,0,0.0,1.03
B,1,1,52232.58,7.15
B,1,0,33217.65,7.25
B,0,0,0.0,1.3
B,1,0,49701.5,3.83
B,1,0,25651.86,5.38
B,0,0,0.0,0.92
B,1,0,45458.26,4.05
B,1,0,40498.58,5.34
B,0,0,0.0,1.08
B,1,0,70698.41,3.02
B,1,0,51446.22,4.13
B,0,0,0.0,0.55
B,1,0,31457.26,4.86
B,1,0,59896.2,7.66
B,0,0,0.0,0.93
B,0,0,0.0,0.84
B,1,0,20329.83,4.08
B,1,0,53053.66,6.85
B,0,0,0.0,0.7
B,0,0,0.0,0.69
B,1,0,32380.85,6.82
B,1,0,72038.74,4.89
B,1,0,33237.53,3.61
B,0,0,0.0,1.3
B,0,0,0.0,1.03
B,0,0,0.0,0.74
B,0,0,0.0,0.71
B,1,0,24036.71,3.72
B,1,0,46174.23,4.59
B,0,0,0.0,0.56
B,0,0,0.0,0.72
B,1,0,41343.0,6.14
B,1,0,58599.39,2.53
B,0,0,0.0,1.13
B,1,0,17686.05,3.73
B,1,0,69112.99,4.0
B,1,0,15345.61,3.31
B,1,0,32857.65,4.76
B,1,0,71651.14,2.91
B,0,0,0.0,1.18
B,1,0,28768.19,6.83
B,1,0,61208.83,5.66
B,1,0,26674.54,2.99
B,0,0,0.0,1.02
B,0,0,0.0,1.14
B,0,0,0.0,1.19
B,0,0,0.0,1.15
B,1,1,54488.08,7.13
B,1,0,50159.04,5.47
B,1,1,33769.64,4.28
B,1,0,34897.16,5.13
B,0,0,0.0,1.42
B,1,1,71066.65,4.7
B,0,0,0.0,1.05
B,1,0,54953.93,6.59
B,1,0,52643.4,3.83
B,1,0,61210.1,5.72
B,1,0,40899.31,6.29
B,1,0,25902.21,3.27
B,1,0,32144.62,4.47
B,1,0,47314.39,7.48
B,1,0,96072.93,5.62
B,1,0,31814.28,3.69
B,1,0,59059.34,3.18
B,1,0,34287.39,5.35
B,1,1,42320.42,5.51
B,1,0,83065.97,4.34
B,1,1,57922.46,5.97
B,1,0,22118.65,2.88
B,1,0,30491.77,3.3
B,1,0,73349.15,5.5
B,1,0,42963.3,2.84
B,1,0,23122.39,7.34
B,0,0,0.0,1.24
B,1,0,56256.5,6.21
B,1,0,64687.09,4.65
B,0,0,0.0,0.71
B,1,0,131682.71,6.71
B,1,0,59610.86,5.25
B,1,0,35707.97,6.49
B,1,1,27131.78,5.28
B,0,0,0.0,0.57
B,1,0,47145.9,6.68
B,1,1,31741.71,5.84
B,1,0,89625.67,5.89
B,1,0,81131.75,6.84
B,1,0,54386.54,7.72
B,1,0,22790.11,4.57
B,0,0,0.0,1.14
B,0,0,0.0,1.4
B,1,0,30629.79,4.47
B,0,0,0.0,0.82
B,1,0,50403.2,7.09
B,1,0,41143.64,5.32
B,0,0,0.0,1.41
B,0,0,0.0,1.28
B,0,0,0.0,1.22
B,1,0,65881.88,7.46
B,1,0,26234.93,3.73
B,0,0,0.0,0.95
B,1,0,41007.7,4.88
B,1,0,55165.09,6.37
B,1,0,25950.27,5.0
B,0,0,0.0,0.55
B,1,0,55464.77,6.18
B,1,0,19368.13,3.9
B,1,0,74368.69,6.64
B,1,0,37240.62,3.34
B,0,0,0.0,1.23
B,1,0,31869.3,6.11
B,1,0,48145.33,7.06
B,1,0,31079.49,6.85
B,1,0,40522.57,6.47
B,1,0,57253.13,4.48
B,1,0,36422.74,3.17
B,1,0,25596.54,3.69
B,1,1,34769.22,7.26
B,0,0,0.0,0.52
B,0,0,0.0,0.8
B,1,0,15221.06,2.92
B,1,0,67757.7,5.45
B,0,0,0.0,0.63
B,1,0,62536.88,6.41
B,1,0,30815.27,6.04
B,0,0,0.0,1.33
B,1,0,53133.06,4.48
B,1,0,25548.42,3.49
B,1,0,20611.81,3.63
B,1,0,21315.02,2.57
B,0,0,0.0,0.65
B,1,0,42913.3,3.0
B,1,0,58429.94,4.27
B,0,0,0.0,1.29
B,0,0,0.0,1.2
B,1,0,38799.89,7.12
B,1,0,31398.33,3.89
B,1,0,36280.75,3.24
B,0,0,0.0,0.92
B,1,0,48408.59,7.84
B,1,0,67242.31,5.52
B,1,0,27119.97,3.5
B,1,0,74236.37,7.12
B,1,0,42382.48,4.67
B,1,0,45058.54,7.45
B,1,0,17752.36,3.93
B,1,0,16856.88,4.66
B,1,1,43009.48,5.28
B,1,0,58634.08,7.41
B,0,0,0.0,1.0
B,0,0,0.0,1.4
B,1,0,57111.98,3.72
B,1,0,25951.8,4.72
B,1,0,40733.55,7.87
B,1,0,131784.85,5.84
B,1,0,22105.22,6.8
B,1,0,51718.43,4.97
B,0,0,0.0,0.59
B,1,0,56348.46,4.86
B,1,1,73739.31,6.37
B,1,0,33343.1,7.18
B,0,0,0.0,1.49
B,1,0,116561.89,5.14
B,0,0,0.0,0.59
B,1,0,58497.93,3.47
B,0,0,0.0,0.82
B,0,0,0.0,0.6
B,0,0,0.0,1.32
B,1,0,58837.18,6.43
B,1,0,71556.63,6.85
B,1,1,38077.0,7.65
B,0,0,0.0,0.67
B,1,1,83652.18,7.44
B,1,0,60263.98,3.42
B,1,0,31329.24,5.95
B,1,0,29921.19,6.75
B,1,0,27175.12,3.99
B,1,0,63297.41,6.57
B,1,1,22434.41,6.78
B,1,1,55541.29,7.07
B,0,0,0.0,1.32
B,0,0,0.0,0.73
B,0,0,0.0,0.55
B,1,0,76126.1,6.56
B,0,0,0.0,1.48
B,1,0,79923.99,5.79
B,1,0,80918.11,4.79
B,1,0,42999.46,3.39
B,1,0,23012.19,3.48
B,1,0,24216.49,2.93
B,0,0,0.0,0.92
B,1,0,23857.18,7.17
B,1,0,41482.85,2.61
B,1,0,30679.99,2.86
B,1,0,36810.37,5.02
B,1,0,50843.29,6.56
B,1,0,34684.52,3.37
B,0,0,0.0,1.46
B,1,0,39122.3,3.78
B,1,0,26074.8,4.69
B,0,0,0.0,0.69
B,0,0,0.0,1.19
B,0,0,0.0,1.04
B,1,1,93906.95,5.86
B,1,0,79792.54,2.95
B,1,0,30391.96,6.01
B,0,0,0.0,0.54
B,0,0,0.0,1.3
B,1,1,69814.52,4.09
B,1,0,31720.18,6.49
B,0,0,0.0,1.04
B,1,0,71686.03,3.72
B,1,1,27680.06,7.47
B,1,0,29012.89,5.2
B,1,0,56504.63,6.23
B,0,0,0.0,0.85
B,1,0,28873.82,3.92
B,1,0,33892.65,5.72
B,1,0,38799.03,4.25
B,1,0,18936.94,5.25
B,1,1,57960.02,4.56
B,1,0,31895.74,6.02
B,1,0,10549.32,5.18
B,1,0,39677.59,2.53
B,0,0,0.0,1.29
B,1,0,90276.7,4.82
B,1,0,30302.53,4.38
B,0,0,0.0,0.71
B,1,0,51216.02,3.71
B,0,0,0.0,1.07
B,1,0,27608.0,7.64
B,0,0,0.0,0.77
B,0,0,0.0,0.67
B,1,0,19940.51,3.26
B,0,0,0.0,1.3
B,0,0,0.0,1.0
B,1,1,35354.45,3.53
B,1,0,40067.91,5.24
B,1,1,51165.2,4.54
B,0,0,0.0,0.76
B,1,0,27920.93,4.26
B,1,0,47846.36,5.02
B,1,0,31469.75,6.47
B,1,0,36654.41,4.88
B,1,0,43353.06,6.86
B,1,0,40006.38,6.14
B,0,0,0.0,1.4
B,1,0,50706.1,5.27
B,1,1,19459.27,7.82
B,1,0,20915.48,6.14
B,1,0,33608.56,7.48
B,1,0,96542.65,3.48
B,1,0,26668.43,5.16
B,1,0,36317.43,7.5
B,1,0,31025.16,4.27
B,1,0,30762.72,7.82
B,1,0,43719.74,3.03
B,0,0,0.0,1.44
B,1,0,49954.35,4.95
B,0,0,0.0,1.29
B,0,0,0.0,0.56
B,1,0,41677.44,3.89
B,1,0,30422.38,2.62
B,1,0,79047.66,3.25
B,1,0,32043.39,6.13
B,1,0,89160.96,7.88
B,0,0,0.0,1.1
B,1,0,79731.07,5.04
B,0,0,0.0,0.94
B,1,0,74585.77,6.6
B,0,0,0.0,0.84
B,1,0,23303.26,3.82
B,1,0,74040.72,3.58
B,1,0,20408.9,5.54
B,1,0,24278.62,7.3
B,1,0,27292.4,5.31
B,0,0,0.0,1.4
B,1,0,40775.95,5.6
B,0,0,0.0,1.14
B,1,0,43053.25,3.23
B,0,0,0.0,0.53
B,1,0,55312.77,3.53
B,1,0,67859.87,6.6
B,0,0,0.0,1.16
B,1,0,39725.4,5.47
B,1,0,31253.21,3.87
B,1,0,53879.07,4.33
B,1,0,23173.34,7.81
B,1,0,28975.97,3.82
B,0,0,0.0,0.52
B,1,0,37813.38,5.69
B,1,0,22472.95,3.18
B,1,0,19631.58,5.07
B,1,0,41084.41,7.72
B,1,0,69432.5,4.8
B,0,0,0.0,1.37
B,0,0,0.0,1.0
B,1,0,105269.24,5.64
B,0,0,0.0,1.16
B,1,0,37552.21,7.56
B,0,0,0.0,0.85
B,1,0,32379.01,6.02
B,1,0,60413.46,2.52
B,1,0,85025.07,3.89
B,1,0,26943.23,4.03
B,1,0,50105.25,3.01
B,1,0,66336.92,4.04
B,1,0,40351.34,4.27
B,1,1,13413.61,7.83
B,1,0,45193.08,6.18
B,1,0,57842.94,4.84
B,1,0,25469.5,7.93
B,1,0,35525.49,3.34
B,1,0,23048.64,5.12
B,0,0,0.0,1.39
B,0,0,0.0,1.19
B,1,0,40062.69,6.44
B,1,0,86412.19,3.05
B,1,0,60567.56,3.27
B,0,0,0.0,1.35
B,1,0,38563.95,7.61
B,1,1,52668.1,6.26
B,1,1,63838.01,6.1
B,1,1,46858.23,5.56
B,1,0,68233.08,4.11
B,1,0,34807.88,5.91
B,1,0,24868.85,4.76
B,1,0,38905.53,3.3
B,1,0,44288.87,6.29
B,1,0,22544.87,3.21
B,1,0,21128.4,3.55
B,0,0,0.0,0.72
B,1,0,33022.64,6.13
B,1,0,37063.81,5.97
B,1,0,33770.66,4.8
B,1,0,83273.73,4.68
B,1,0,73544.46,6.3
B,1,0,22160.58,6.57
B,1,0,31078.12,5.31
B,1,0,60355.18,7.83
B,1,0,53579.91,7.76
B,1,0,39344.06,4.77
B,1,0,23247.48,7.01
B,1,0,28922.66,5.49
B,1,0,31318.1,5.31
B,1,0,45842.06,2.8
B,1,0,90924.89,5.66
B,1,0,28862.47,7.45
B,1,0,24526.34,6.79
B,0,0,0.0,1.01
B,0,0,0.0,1.27
B,1,1,20040.21,4.47
B,1,0,80639.54,3.78
B,1,0,36953.84,4.24
B,1,0,28212.67,5.69
B,0,0,0.0,0.75
B,0,0,0.0,0.99
B,0,0,0.0,1.04
B,1,0,43561.92,4.08
B,1,0,26045.76,3.02
B,0,0,0.0,0.94
B,1,0,31775.19,2.56
B,0,0,0.0,0.89
B,1,0,29103.53,7.05
B,1,0,19217.82,7.98
B,1,1,148699.07,6.5
B,1,0,20859.53,2.58
B,1,0,43787.35,3.75
B,1,0,17144.4,7.85
B,1,0,15389.14,6.95
B,1,0,42064.39,5.62
B,1,0,43638.56,3.8
B,1,0,73535.2,2.58
B,0,0,0.0,1.08
B,1,0,37350.1,5.87
B,1,0,25442.9,2.62
B,0,0,0.0,0.99
B,0,0,0.0,1.48
B,1,0,22065.31,6.41
B,0,0,0.0,1.23
B,1,0,43008.16,5.47
B,1,1,33999.0,2.94
B,1,0,58132.97,6.72
B,1,0,59828.17,5.72
B,0,0,0.0,1.11
B,0,0,0.0,1.11
B,0,0,0.0,1.23
B,0,0,0.0,1.16
B,1,0,41553.33,7.54
B,1,0,18360.92,7.56
B,0,0,0.0,1.16
B,0,0,0.0,0.8
B,0,0,0.0,0.81
B,0,0,0.0,0.62
B,1,0,32859.23,3.81
B,1,0,36097.9,6.73
B,0,0,0.0,0.79
B,0,0,0.0,1.03
B,1,0,78288.5,7.11
B,1,0,32394.01,6.81
B,1,0,63797.88,4.01
B,1,1,27254.15,4.71
B,1,0,57768.73,4.77
B,1,1,40166.75,5.2
B,1,0,47523.13,3.42
B,1,0,40272.88,4.99
B,1,0,54610.43,5.31
B,1,0,11702.52,5.42
B,1,0,20302.19,7.01
B,1,0,49030.54,5.35
B,1,0,15049.52,3.77
B,1,0,31111.15,6.15
B,1,0,39101.51,6.89
B,1,0,26970.33,4.26
B,0,0,0.0,0.71
B,1,1,45723.12,3.31
B,1,0,65150.91,4.38
B,0,0,0.0,0.69
B,1,0,30453.98,7.51
B,0,0,0.0,1.49
B,0,0,0.0,1.39
B,1,0,42959.87,7.2
B,1,1,62859.95,7.77
B,1,0,65381.12,5.19
B,1,0,26424.11,5.59
B,1,0,22008.52,4.79
B,1,0,40553.23,2.9
B,0,0,0.0,0.73
B,1,0,43231.65,6.85
B,1,0,46113.74,6.93
B,1,0,69430.31,7.41
B,1,0,28147.52,2.78
B,1,0,36113.22,5.4
B,1,0,87957.64,3.09
B,1,0,36516.91,3.6
B,0,0,0.0,0.72
B,1,0,29106.28,5.23
B,1,0,25582.75,6.67
B,1,0,47640.48,2.85
B,1,1,26106.65,4.79
B,1,0,45711.1,6.21
B,0,0,0.0,0.75
B,0,0,0.0,1.12
B,1,0,46498.6,2.86
B,1,0,43099.32,6.08
B,1,0,51458.13,7.84
B,1,0,29055.59,7.05
B,1,0,27606.83,7.86
B,1,0,48664.45,7.15
B,1,0,83210.55,7.2
B,1,0,40350.56,5.67
B,0,0,0.0,1.24
B,0,0,0.0,1.4
B,1,0,19130.85,7.0
B,1,0,63854.74,3.5
B,0,0,0.0,1.25
B,1,0,56453.44,7.71
B,0,0,0.0,0.68
B,1,0,53454.54,7.87
B,1,0,61636.26,6.51
B,1,0,87349.81,4.31
B,0,0,0.0,0.84
B,1,0,41383.36,7.0
B,1,0,21419.1,3.85
B,1,0,43248.42,6.74
B,0,0,0.0,1.34
B,0,0,0.0,1.38
B,0,0,0.0,0.92
B,0,0,0.0,0.85
B,1,0,110026.21,3.6
B,1,0,17249.57,2.86
B,1,0,49083.79,6.49
B,1,0,27356.52,4.59
B,0,0,0.0,0.88
B,0,0,0.0,1.45
B,1,0,19941.48,4.99
B,1,0,37142.41,6.01
B,0,0,0.0,0.78
B,1,0,68658.48,5.39
B,1,0,19464.73,4.55
B,1,0,62072.21,7.27
B,1,0,42069.51,4.21
B,1,0,65765.3,2.94
B,1,0,32622.56,4.95
B,1,0,21173.86,6.82
B,0,0,0.0,0.94
B,1,1,21588.85,5.72
B,1,0,50480.92,5.77
B,0,0,0.0,1.46
B,1,0,30602.08,4.08
B,1,1,54284.01,4.03
B,0,0,0.0,0.8
B,1,0,43763.45,4.46
B,0,0,0.0,1.49
B,1,0,20028.27,6.03
B,1,0,36393.15,6.67
B,1,0,56592.98,7.01
B,1,0,9816.21,7.58
B,0,0,0.0,1.33
B,1,0,47560.89,7.92
B,0,0,0.0,0.85
B,0,0,0.0,1.45
B,1,0,17554.98,5.44
B,0,0,0.0,1.25
B,1,0,38574.88,5.12
B,1,0,40758.33,6.81
B,0,0,0.0,0.7
B,1,0,57860.53,6.53
B,1,0,100931.16,6.77
B,1,0,43210.99,2.87
B,1,0,28802.52,3.63
B,1,1,36664.34,7.86
B,1,0,48997.2,6.31
B,1,0,65356.43,5.59
B,1,0,19847.31,4.52
B,1,0,40299.65,2.74
B,1,0,86905.8,4.53
B,1,0,35764.1,5.24
B,0,0,0.0,1.05
B,1,0,50853.1,3.45
B,1,0,63501.14,5.3
B,1,0,27209.32,5.72
B,1,1,27266.31,3.82
B,1,0,40527.28,5.73
B,0,0,0.0,0.66
B,0,0,0.0,1.13
B,0,0,0.0,1.09
B,0,0,0.0,0.53
B,1,1,48693.69,3.01
B,1,0,54182.31,3.03
B,0,0,0.0,0.64
B,1,0,25259.67,5.73
B,0,0,0.0,0.95
B,0,0,0.0,0.87
B,0,0,0.0,1.39
B,1,0,68588.95,2.51
B,0,0,0.0,1.38
B,1,0,19742.04,3.78
B,1,0,46584.82,7.54
B,1,0,43063.83,3.1
B,0,0,0.0,1.32
B,0,0,0.0,0.69
B,1,0,23479.4,7.98
B,1,0,31936.83,2.53
B,1,0,38294.38,6.02
B,0,0,0.0,0.81
B,1,0,96019.75,6.2
B,1,0,78461.78,4.5
B,1,0,60650.85,7.77
B,1,0,24783.09,7.41
B,1,0,32982.42,4.89
B,1,0,44389.78,5.65
B,0,0,0.0,1.05
B,0,0,0.0,0.75
B,1,0,56717.23,4.97
B,0,0,0.0,0.52
B,1,0,65648.14,4.16
B,1,1,25998.55,4.54
B,1,0,62802.98,3.41
B,1,0,28741.29,3.65
B,0,0,0.0,0.72
B,1,0,51814.0,5.31
B,1,0,71942.27,3.77
B,0,0,0.0,1.48
B,1,0,40537.63,4.55
B,0,0,0.0,0.96
B,0,0,0.0,1.15
B,1,0,23377.83,4.63
B,0,0,0.0,1.45
B,1,0,38644.65,4.38
B,1,0,41703.12,6.17
B,1,0,40353.75,7.82
B,1,0,55521.68,4.65
B,0,0,0.0,1.12
B,1,0,52587.3,4.13
B,1,0,37443.87,3.96
B,0,0,0.0,1.48
B,1,1,41720.28,7.89
B,1,0,123444.49,4.99
B,1,0,47522.83,7.66
B,0,0,0.0,0.88
B,1,1,26062.82,3.9
B,1,0,20078.67,4.71
B,1,0,24936.99,6.04
B,1,0,26312.23,5.35
B,1,0,48509.44,3.03
B,1,1,31177.15,7.97
B,1,0,43902.43,6.64
B,1,0,74261.63,4.91
B,0,0,0.0,1.22
B,0,0,0.0,0.61
B,1,0,22824.98,5.22
B,1,0,37336.25,7.62
B,1,0,30981.01,7.43
B,1,0,62913.95,4.36
B,1,0,13696.56,5.42
B,1,0,20076.49,6.34
B,1,0,38119.21,4.37
B,0,0,0.0,1.46
B,1,0,44730.2,5.28
B,0,0,0.0,1.18
B,1,0,22592.2,2.53
B,0,0,0.0,1.44
B,1,0,29787.83,3.64
B,1,0,25524.08,4.41
B,0,0,0.0,0.83
B,1,0,65207.29,4.12
B,1,0,73979.89,4.02
B,1,0,25437.5,7.28
B,0,0,0.0,1.04
B,1,1,42784.02,5.23
B,0,0,0.0,0.51
B,1,0,47810.9,5.94
B,1,0,81595.41,6.44
B,1,0,17462.16,4.87
B,1,1,60636.58,2.61
B,1,0,23709.24,6.05
B,1,0,60521.44,5.98
B,1,0,31952.98,3.11
B,1,0,27154.38,5.04
B,1,0,29948.86,7.53
B,0,0,0.0,0.62
B,0,0,0.0,0.95
B,0,0,0.0,0.71
B,1,0,58537.52,6.96
B,0,0,0.0,1.15
B,1,0,90247.88,6.68
B,1,0,47850.52,4.51
B,0,0,0.0,0.91
B,0,0,0.0,0.67
B,1,0,29694.64,6.24
B,1,0,19646.14,6.37
B,1,0,44180.78,7.81
B,1,0,20274.84,5.0
B,0,0,0.0,1.3
B,1,0,80711.73,5.47
B,0,0,0.0,0.89
B,1,0,41356.07,5.04
B,0,0,0.0,0.72
B,0,0,0.0,0.62
B,1,0,61316.48,4.52
B,1,0,22393.8,7.89
B,0,0,0.0,1.1
B,1,0,27459.26,3.83
B,1,0,19957.75,3.55
B,1,1,81585.34,3.28
B,1,0,95944.5,4.99
B,0,0,0.0,1.26
B,1,1,74609.53,4.95
B,0,0,0.0,0.78
B,1,0,18892.25,6.19
B,0,0,0.0,0.75
B,1,0,30379.44,3.15
B,1,0,57471.12,5.1
B,1,0,22251.97,4.07
B,0,0,0.0,1.47
B,1,1,28875.58,3.5
B,0,0,0.0,0.72
B,1,0,36168.35,5.73
B,1,0,31041.55,5.33
B,0,0,0.0,0.69
B,1,0,106649.24,3.77
B,1,0,32855.95,4.58
B,1,0,24350.74,6.86
B,1,0,53106.15,5.4
B,1,1,37462.97,4.71
B,1,0,20346.98,2.66
B,1,0,117139.2,6.64
B,1,0,33887.79,7.85
B,0,0,0.0,0.83
B,1,0,43335.22,7.21
B,1,0,92083.96,5.34
B,1,1,17920.89,3.77
B,0,0,0.0,0.94
B,1,0,109304.26,6.09
B,1,0,42692.98,5.21
B,0,0,0.0,0.69
B,1,0,29827.01,6.32
B,0,0,0.0,1.19
B,1,0,76022.6,5.31
B,1,0,34102.26,4.85
B,0,0,0.0,1.21
B,1,0,20151.28,5.12
B,1,0,20070.68,7.3
B,1,0,31832.9,2.73
B,0,0,0.0,1.13
B,1,0,41483.86,7.96
B,1,0,46124.95,5.79
B,1,0,45865.95,4.32
B,1,0,68351.57,3.73
B,1,0,29944.29,4.02
B,1,0,55847.32,2.78
B,1,0,26934.85,5.11
B,1,0,103981.77,2.82
B,1,0,27331.97,6.45
B,1,0,26277.1,4.55
B,1,0,52252.42,3.6
B,0,0,0.0,1.4
B,1,0,46952.38,7.86
B,1,0,44761.81,6.32
B,1,0,23780.28,5.2
B,0,0,0.0,1.12
B,1,0,61629.77,6.56
B,1,1,77056.64,7.4
B,1,0,31144.76,3.63
B,1,0,49017.43,7.22
B,0,0,0.0,1.01
B,1,0,68970.99,7.68
B,1,0,70046.82,4.05
B,0,0,0.0,1.13
B,1,0,19368.12,7.8
B,0,0,0.0,1.11
B,1,0,52411.12,7.86
B,0,0,0.0,0.68
B,0,0,0.0,1.2
B,1,1,19431.97,4.94
B,0,0,0.0,0.95
B,1,1,19807.55,5.19
B,1,0,36098.24,5.53
B,1,0,45131.61,6.32
B,1,0,66081.43,7.83
B,0,0,0.0,0.86
B,1,0,54436.07,3.73
B,0,0,0.0,1.0
B,1,0,39519.55,3.04
B,1,0,41815.78,6.04
B,1,0,36653.06,3.49
B,1,0,17862.28,3.92
B,0,0,0.0,1.22
B,0,0,0.0,0.8
B,0,0,0.0,0.6
B,0,0,0.0,1.39
B,1,0,34364.87,2.91
B,1,0,26515.18,4.5
B,1,1,31675.93,4.74
B,1,0,34638.49,7.43
B,1,0,40234.04,4.28
B,1,1,48475.88,4.59
B,1,0,36803.04,6.81
B,1,0,24483.76,6.67
B,0,0,0.0,1.36
B,1,0,139632.59,7.75
B,1,0,23334.51,6.88
B,1,0,31290.19,4.74
B,0,0,0.0,1.35
B,0,0,0.0,0.78
B,1,0,51534.95,4.03
B,1,0,32451.3,4.17
B,0,0,0.0,1.27
B,1,0,41334.18,3.3
B,0,0,0.0,0.91
B,0,0,0.0,1.32
B,1,0,66607.7,7.39
B,1,0,39709.43,7.62
B,1,0,39836.44,5.73
B,1,0,67018.05,7.12
B,0,0,0.0,1.17
B,0,0,0.0,1.47
B,0,0,0.0,1.16
B,1,0,61973.19,2.87
B,1,0,53570.75,3.28
B,1,0,26235.98,4.2
B,1,0,45286.41,2.74
B,1,0,66472.16,4.2
B,1,1,26957.15,2.83
B,1,0,49633.93,3.8
B,0,0,0.0,1.37
B,1,0,24002.44,7.97
B,0,0,0.0,1.16
B,1,0,46372.64,3.82
B,1,0,27387.91,6.28
B,0,0,0.0,0.77
B,1,0,37615.77,4.63
B,1,0,58970.17,7.32
B,1,0,54665.73,4.37
B,1,0,26543.01,3.58
B,1,0,54887.48,4.31
B,0,0,0.0,0.84
B,1,0,18529.48,4.52
B,1,0,33650.09,6.2
B,0,0,0.0,0.9
B,1,0,54987.49,6.36
B,1,0,40104.57,4.41
B,1,0,32859.01,5.01
B,1,0,33286.73,5.57
B,1,0,42286.23,6.27
B,1,0,24032.2,3.81
B,1,0,33958.98,7.1
B,0,0,0.0,0.92
B,0,0,0.0,0.78
B,1,0,26837.22,7.86
B,1,0,48876.07,6.16
B,1,0,40318.5,4.99
B,1,1,34606.41,3.37
B,0,0,0.0,1.3
B,1,0,85552.71,3.41
B,1,0,26843.26,4.86
B,1,0,45286.51,4.75
B,1,0,31755.55,6.46
B,1,0,40839.87,3.56
B,0,0,0.0,1.1
B,0,0,0.0,1.07
B,0,0,0.0,0.58
B,0,0,0.0,1.17
B,0,0,0.0,0.97
B,1,1,37706.71,4.19
B,1,0,40945.9,4.62
B,0,0,0.0,0.52
B,1,0,69200.52,5.77
B,1,0,29842.93,4.33
B,1,0,29818.61,6.49
B,1,0,63522.14,5.69
B,1,0,24703.55,3.3
B,1,0,67650.42,4.21
B,1,0,47120.53,3.72
B,0,0,0.0,0.62
B,1,0,35481.54,5.34
B,0,0,0.0,1.48
B,1,0,80963.73,6.65
B,1,1,35652.2,3.54
B,1,0,32950.15,7.71
B,1,0,38620.33,4.39
B,1,0,44031.06,4.15
B,0,0,0.0,1.17
B,0,0,0.0,1.34
B,0,0,0.0,0.67
B,1,0,60218.48,6.61
B,1,0,26232.07,7.36
B,1,0,17278.73,6.72
B,1,0,15611.99,2.69
B,1,0,19815.46,7.05
B,1,0,77152.43,6.76
B,1,0,40448.27,6.18
B,1,0,51051.98,6.68
B,1,0,51922.84,7.89
B,1,0,41231.93,4.87
B,1,0,38719.75,2.87
B,1,0,66262.05,5.03
B,1,0,43048.3,2.76
B,1,0,78555.98,4.12
B,1,0,54068.03,5.73
B,1,1,29835.61,4.2
B,0,0,0.0,0.74
B,0,0,0.0,1.1
B,1,1,72000.12,4.81
B,1,1,33043.35,7.45
B,0,0,0.0,1.43
B,1,0,46793.21,7.12
B,0,0,0.0,0.71
B,1,0,46230.4,4.27
B,1,0,99420.21,4.14
B,0,0,0.0,0.7
B,1,0,40658.58,6.96
B,1,0,20413.6,7.07
B,1,0,31571.75,4.31
B,1,0,56460.81,5.76
B,0,0,0.0,1.06
B,1,1,112158.21,5.08
B,1,0,40413.53,7.99
B,0,0,0.0,1.45
B,1,0,29144.17,7.71
B,1,0,50941.55,7.03
B,1,0,23020.93,7.85
B,0,0,0.0,0.86
B,1,0,75533.28,3.67
B,1,0,64373.82,2.59
B,0,0,0.0,1.0
B,0,0,0.0,1.26
B,0,0,0.0,0.89
B,1,0,53353.27,6.85
B,1,0,24809.64,4.15
B,1,0,29376.64,3.24
B,0,0,0.0,0.73
B,0,0,0.0,0.81
B,1,0,83601.26,3.95
B,1,0,15961.16,4.54
B,1,0,54986.4,7.19
B,0,0,0.0,0.95
B,1,0,25301.0,4.94
B,1,0,15295.71,6.49
B,1,0,30836.49,5.63
B,1,0,82880.18,4.37
B,1,0,45575.05,6.49
B,0,0,0.0,1.48
B,0,0,0.0,0.57
B,1,0,72477.11,5.9
B,1,0,42190.16,6.26
B,0,0,0.0,1.04
B,1,0,59536.85,7.28
B,1,1,55696.53,3.39
B,0,0,0.0,0.78
B,0,0,0.0,0.93
B,0,0,0.0,0.68
B,1,0,51509.31,5.8
B,1,0,28894.28,4.57
B,1,0,42680.08,6.99
B,1,0,27116.74,4.87
B,0,0,0.0,0.92
B,1,0,64808.12,4.2
B,0,0,0.0,1.17
B,1,0,42253.8,4.63
B,1,0,47091.18,5.84
B,0,0,0.0,1.01
B,1,0,35035.67,5.68
B,1,0,45714.99,7.93
B,1,0,50315.29,6.3
B,1,0,57112.78,7.62
B,1,0,92231.02,3.15
B,1,0,44909.88,2.84
B,1,0,41387.88,4.21
B,0,0,0.0,1.39
B,1,0,49476.56,5.39
B,1,0,55289.81,5.35
B,1,0,36596.01,5.66
B,1,0,52125.73,6.6
B,1,0,34877.33,7.84
B,1,0,55385.69,7.33
B,1,0,62196.2,3.15
B,0,0,0.0,0.53
